country;year;renewable;primary;;
AUS;1990;5.070506;86.38;;
AUS;1991;5.19537;85.17;;
AUS;1992;4.72842;86.76;;
AUS;1993;5.483682;90.94;;
AUS;1994;5.380096;90.88;;
AUS;1995;5.53419;92.7;;
AUS;1996;6.113244;98.76;;
AUS;1997;6.400896;101.28;;
AUS;1998;6.182645;103.91;;
AUS;1999;6.26462;106.18;;
AUS;2000;6.35096;103.1;;
AUS;2001;6.47461;110.3;;
AUS;2002;6.756344;111.86;;
AUS;2003;6.625242;110.79;;
AUS;2004;6.523593;112.67;;
AUS;2005;6.457012;113.48;;
AUS;2006;6.652971;118.17;;
AUS;2007;6.868764;122.22;;
AUS;2008;7.059418;126.74;;
AUS;2009;5.581007;127.13;;
AUS;2010;7.01965;127.63;;
AUS;2011;7.05925;128.35;;
AUS;2012;7.048412;126.77;;
AUS;2013;7.880327;126.49;;
AUS;2014;8.203875;125.25;;
AUS;2015;8.19462;125.3;;
AUT;1990;1.607248;24.88;;
AUT;1991;5.3622;26.48;;
AUT;1992;5.041645;25.45;;
AUT;1993;5.552118;25.74;;
AUT;1994;5.765482;25.67;;
AUT;1995;5.857985;26.81;;
AUT;1996;6.26145;28.5;;
AUT;1997;5.796621;28.29;;
AUT;1998;6.004299;28.77;;
AUT;1999;5.931486;28.71;;
AUT;2000;6.623215;28.61;;
AUT;2001;6.946854;30.23;;
AUT;2002;6.714744;30.48;;
AUT;2003;6.834051;32.13;;
AUT;2004;6.128405;32.65;;
AUT;2005;6.62415;33.54;;
AUT;2006;7.045485;33.63;;
AUT;2007;7.281824;33.22;;
AUT;2008;7.98499;33.41;;
AUT;2009;7.916328;31.64;;
AUT;2010;9.337702;33.82;;
AUT;2011;8.849198;32.86;;
AUT;2012;8.589;32.72;;
AUT;2013;9.8819;33.25;;
AUT;2014;9.580593;32.01;;
AUT;2015;9.837;32.79;;
BEL;1990;14.108742;47.94;;
BEL;1991;15.04904;50.08;;
BEL;1992;0.5063;50.63;;
BEL;1993;0.479568;49.44;;
BEL;1994;0.49837;52.46;;
BEL;1995;0.44322;53.4;;
BEL;1996;0.432971;56.23;;
BEL;1997;0.556776;56.24;;
BEL;1998;0.537398;57.17;;
BEL;1999;0.52808;57.4;;
BEL;2000;0.5809;58.09;;
BEL;2001;0.614058;57.93;;
BEL;2002;0.61248;55.68;;
BEL;2003;0.701558;57.98;;
BEL;2004;0.7456;58.25;;
BEL;2005;0.873;58.2;;
BEL;2006;0.958318;57.73;;
BEL;2007;1.127136;56.64;;
BEL;2008;1.375644;58.29;;
BEL;2009;1.57079;55.9;;
BEL;2010;1.971608;60.11;;
BEL;2011;2.282532;56.22;;
BEL;2012;2.534922;53.82;;
BEL;2013;3.10023;55.86;;
BEL;2014;3.309375;52.95;;
BEL;2015;3.340029;53.27;;
CAN;1990;13.564818;211.29;;
CAN;1991;14.374514;210.77;;
CAN;1992;14.406756;215.67;;
CAN;1993;38.31651;222.9;;
CAN;1994;40.84629;230.77;;
CAN;1995;41.294378;233.83;;
CAN;1996;41.444348;238.46;;
CAN;1997;42.548238;240.93;;
CAN;1998;42.712758;239.69;;
CAN;1999;44.11992;246.48;;
CAN;2000;44.561034;253.62;;
CAN;2001;43.186176;249.92;;
CAN;2002;44.021164;250.69;;
CAN;2003;46.40241;263.95;;
CAN;2004;44.89636;270.46;;
CAN;2005;47.96964;272.4;;
CAN;2006;44.879118;276.69;;
CAN;2007;45.492194;278.41;;
CAN;2008;45.602128;272.74;;
CAN;2009;41.9968;262.48;;
CAN;2010;43.739725;265.25;;
CAN;2011;45.618005;270.73;;
CAN;2012;45.93113;267.82;;
CAN;2013;44.930697;270.83;;
CAN;2014;47.873394;278.82;;
CAN;2015;47.580459;270.19;;
CZE;1990;9.091654;49.79;;
CZE;1991;7.957716;45.24;;
CZE;1992;7.97124;44.04;;
CZE;1993;7.46725;42.67;;
CZE;1994;0.94348;41.2;;
CZE;1995;1.056022;41.74;;
CZE;1996;1.6359;43.05;;
CZE;1997;1.67013;43.38;;
CZE;1998;1.61623;41.98;;
CZE;1999;1.342845;39.15;;
CZE;2000;1.366844;41.17;;
CZE;2001;1.52136;42.26;;
CZE;2002;1.623636;42.84;;
CZE;2003;1.918488;44.72;;
CZE;2004;1.793792;45.76;;
CZE;2005;1.863888;45.24;;
CZE;2006;2.109912;46.27;;
CZE;2007;1.8942;46.2;;
CZE;2008;1.9932;45.3;;
CZE;2009;1.962477;42.57;;
CZE;2010;2.157214;45.13;;
CZE;2011;2.184704;43.52;;
CZE;2012;2.405812;43.27;;
CZE;2013;2.887764;43.23;;
CZE;2014;2.912718;41.97;;
CZE;2015;3.32985;42.15;;
DNK;1990;1.479072;17.36;;
DNK;1991;1.803725;19.25;;
DNK;1992;1.83279;18.42;;
DNK;1993;1.92038;18.92;;
DNK;1994;2.050026;19.58;;
DNK;1995;1.15236;19.4;;
DNK;1996;1.284075;21.95;;
DNK;1997;1.315998;20.34;;
DNK;1998;1.318659;20.01;;
DNK;1999;1.215378;19.17;;
DNK;2000;1.246347;18.63;;
DNK;2001;1.202546;19.21;;
DNK;2002;1.3794;19;;
DNK;2003;1.55373;20.1;;
DNK;2004;1.650456;19.44;;
DNK;2005;1.82196;18.9;;
DNK;2006;2.059432;20.27;;
DNK;2007;2.177778;19.78;;
DNK;2008;2.3088;19.24;;
DNK;2009;2.523108;18.39;;
DNK;2010;2.925896;19.48;;
DNK;2011;2.563575;17.99;;
DNK;2012;2.80098;17.29;;
DNK;2013;2.89492;17.15;;
DNK;2014;2.891745;16.11;;
DNK;2015;3.23932;16.1;;
FIN;1990;6.308874;28.38;;
FIN;1991;6.96718;28.79;;
FIN;1992;6.828621;27.13;;
FIN;1993;7.891958;28.46;;
FIN;1994;8.989362;30.39;;
FIN;1995;8.667324;28.92;;
FIN;1996;6.016674;31.11;;
FIN;1997;5.955196;32.26;;
FIN;1998;6.458631;32.57;;
FIN;1999;6.446556;32.46;;
FIN;2000;6.176773;32.39;;
FIN;2001;7.041437;33.23;;
FIN;2002;6.925576;34.96;;
FIN;2003;7.70583;36.87;;
FIN;2004;8.292575;37.27;;
FIN;2005;7.686165;34.39;;
FIN;2006;8.954606;37.42;;
FIN;2007;8.297186;36.86;;
FIN;2008;7.885807;35.41;;
FIN;2009;7.11147;33.45;;
FIN;2010;8.51316;36.6;;
FIN;2011;8.273169;35.19;;
FIN;2012;7.885512;33.96;;
FIN;2013;7.819821;33.29;;
FIN;2014;8.807202;34.11;;
FIN;2015;7.820343;32.49;;
FRA;1990;57.189753;224.01;;
FRA;1991;61.510248;236.76;;
FRA;1992;68.46034;232.7;;
FRA;1993;70.417958;236.54;;
FRA;1994;68.73218;227.59;;
FRA;1995;76.522968;237.06;;
FRA;1996;78.124712;250.48;;
FRA;1997;16.51108;242.81;;
FRA;1998;18.090588;249.87;;
FRA;1999;19.108636;249.46;;
FRA;2000;18.16199;251.9;;
FRA;2001;19.721364;260.52;;
FRA;2002;18.777404;261.16;;
FRA;2003;18.289792;265.84;;
FRA;2004;17.964684;269.74;;
FRA;2005;17.362126;270.86;;
FRA;2006;17.6423;266.5;;
FRA;2007;16.46625;263.46;;
FRA;2008;16.856294;264.62;;
FRA;2009;14.560725;253.23;;
FRA;2010;15.176301;261.21;;
FRA;2011;14.682272;251.84;;
FRA;2012;14.586986;252.37;;
FRA;2013;14.533106;253.19;;
FRA;2014;15.242816;242.72;;
FRA;2015;17.329653;246.51;;
DEU;1990;25.9888;351.2;;
DEU;1991;27.405484;344.29;;
DEU;1992;24.02469;337.9;;
DEU;1993;27.335186;334.58;;
DEU;1994;30.068094;332.98;;
DEU;1995;29.577471;336.49;;
DEU;1996;30.78561;347.86;;
DEU;1997;32.93031;344.82;;
DEU;1998;5.175374;342.74;;
DEU;1999;4.923912;334.96;;
DEU;2000;5.351622;336.58;;
DEU;2001;5.685552;346.68;;
DEU;2002;5.89686;338.9;;
DEU;2003;5.99949;337.05;;
DEU;2004;6.001893;339.09;;
DEU;2005;6.977349;337.07;;
DEU;2006;7.757792;346.33;;
DEU;2007;7.807114;328.03;;
DEU;2008;8.836098;330.94;;
DEU;2009;8.614664;309.88;;
DEU;2010;10.365846;325.97;;
DEU;2011;11.698722;309.49;;
DEU;2012;13.395911;310.81;;
DEU;2013;16.22936;317.6;;
DEU;2014;18.159768;305.72;;
DEU;2015;22.253217;307.79;;
GRC;1990;1.513664;21.44;;
GRC;1991;1.70798;21.62;;
GRC;1992;1.87389;22.15;;
GRC;1993;2.071089;21.87;;
GRC;1994;2.333424;22.48;;
GRC;1995;2.383668;22.68;;
GRC;1996;2.70972;23.4;;
GRC;1997;3.031518;24.33;;
GRC;1998;3.256302;25.62;;
GRC;1999;1.32458;25.72;;
GRC;2000;1.541421;27.09;;
GRC;2001;1.4672;28;;
GRC;2002;1.526448;28.32;;
GRC;2003;1.55899;29.14;;
GRC;2004;1.68696;29.7;;
GRC;2005;1.775675;30.25;;
GRC;2006;1.665122;30.22;;
GRC;2007;1.567899;30.21;;
GRC;2008;1.678632;30.41;;
GRC;2009;1.524474;29.43;;
GRC;2010;1.29996;27.6;;
GRC;2011;1.315608;26.74;;
GRC;2012;1.40184;26.55;;
GRC;2013;1.234157;23.33;;
GRC;2014;1.255959;23.13;;
GRC;2015;1.36821;23.19;;
HUN;1990;1.646216;28.78;;
HUN;1991;1.541004;27.42;;
HUN;1992;1.593242;25.13;;
HUN;1993;1.98404;25.7;;
HUN;1994;1.9904;24.88;;
HUN;1995;2.38337;25.85;;
HUN;1996;2.974013;26.53;;
HUN;1997;2.749257;26.01;;
HUN;1998;3.077662;25.69;;
HUN;1999;3.07785;25.5;;
HUN;2000;0.6475;25;;
HUN;2001;0.7424;25.6;;
HUN;2002;0.81152;25.6;;
HUN;2003;0.831252;26.14;;
HUN;2004;0.86031;26.07;;
HUN;2005;0.92568;27.55;;
HUN;2006;0.882759;27.33;;
HUN;2007;0.863379;26.73;;
HUN;2008;0.860275;26.47;;
HUN;2009;0.822204;24.84;;
HUN;2010;0.880132;26.51;;
HUN;2011;0.879027;25.93;;
HUN;2012;0.84721;24.7;;
HUN;2013;0.828983;23.89;;
HUN;2014;0.867412;23.83;;
HUN;2015;1.089072;25.21;;
ISL;1990;0.102377;2.27;;
ISL;1991;0.106288;2.08;;
ISL;1992;0.121402;2.02;;
ISL;1993;0.161102;2.18;;
ISL;1994;0.231608;2.21;;
ISL;1995;0.245973;2.21;;
ISL;1996;0.28441;2.38;;
ISL;1997;0.303366;2.33;;
ISL;1998;0.2976;2.48;;
ISL;1999;0.332488;2.78;;
ISL;2000;0.35724;3.12;;
ISL;2001;2.155072;3.02;;
ISL;2002;2.244176;3.11;;
ISL;2003;2.184464;3.11;;
ISL;2004;2.146851;3.07;;
ISL;2005;2.183688;3.12;;
ISL;2006;2.735703;3.87;;
ISL;2007;3.178116;4.59;;
ISL;2008;3.644937;5.19;;
ISL;2009;3.878105;5.39;;
ISL;2010;4.085091;5.41;;
ISL;2011;4.479144;5.79;;
ISL;2012;4.355585;5.65;;
ISL;2013;4.528821;5.89;;
ISL;2014;4.51806;5.86;;
ISL;2015;4.234104;5.58;;
IRL;1990;7.562321;9.91;;
IRL;1991;8.017974;9.99;;
IRL;1992;8.277464;9.88;;
IRL;1993;8.73208;10.06;;
IRL;1994;9.273792;10.56;;
IRL;1995;9.422055;10.65;;
IRL;1996;10.1956;11.36;;
IRL;1997;10.724532;11.96;;
IRL;1998;11.37024;12.69;;
IRL;1999;11.855217;13.31;;
IRL;2000;12.18678;13.8;;
IRL;2001;12.855072;14.36;;
IRL;2002;0.24336;14.4;;
IRL;2003;0.23604;14.05;;
IRL;2004;0.237472;14.48;;
IRL;2005;0.23312;14.57;;
IRL;2006;0.241395;14.63;;
IRL;2007;0.21779;15.02;;
IRL;2008;0.218892;14.79;;
IRL;2009;0.215628;14.28;;
IRL;2010;0.261534;14.37;;
IRL;2011;0.219104;13.12;;
IRL;2012;0.22304;13.12;;
IRL;2013;0.212226;13.02;;
IRL;2014;0.230775;12.75;;
IRL;2015;0.221442;13.26;;
ITA;1990;2.85792;146.56;;
ITA;1991;3.769016;150.16;;
ITA;1992;4.312747;149.23;;
ITA;1993;4.720392;148.44;;
ITA;1994;5.701573;146.57;;
ITA;1995;7.383632;159.13;;
ITA;1996;7.329439;158.99;;
ITA;1997;9.433125;161.25;;
ITA;1998;9.846738;165.77;;
ITA;1999;10.873472;168.32;;
ITA;2000;12.932608;171.52;;
ITA;2001;13.88847;172.1;;
ITA;2002;13.65604;173.3;;
ITA;2003;8.02672;181.6;;
ITA;2004;9.143;182.86;;
ITA;2005;9.895185;186.35;;
ITA;2006;9.915705;184.65;;
ITA;2007;10.362578;184.06;;
ITA;2008;8.809055;181.63;;
ITA;2009;8.904;169.6;;
ITA;2010;9.328764;173.72;;
ITA;2011;9.17007;167.95;;
ITA;2012;9.372692;161.32;;
ITA;2013;9.16683;155.37;;
ITA;2014;8.820877;146.77;;
ITA;2015;9.58328;152.6;;
JPN;1990;31.183749;438.59;;
JPN;1991;31.407991;442.99;;
JPN;1992;34.320109;453.37;;
JPN;1993;37.87207;456.29;;
JPN;1994;44.310231;481.11;;
JPN;1995;53.56428;493.68;;
JPN;1996;62.49476;503.99;;
JPN;1997;64.127165;509.35;;
JPN;1998;62.592488;499.94;;
JPN;1999;75.16624;507.88;;
JPN;2000;87.889327;517.91;;
JPN;2001;92.030148;509.58;;
JPN;2002;87.540386;508.66;;
JPN;2003;87.58627;504.82;;
JPN;2004;17.764736;520.96;;
JPN;2005;18.426985;519.07;;
JPN;2006;16.3233;518.2;;
JPN;2007;17.049528;513.54;;
JPN;2008;13.439248;494.09;;
JPN;2009;14.787202;470.93;;
JPN;2010;15.653842;498.53;;
JPN;2011;15.18335;461.5;;
JPN;2012;14.624712;451.38;;
JPN;2013;14.09291;454.61;;
JPN;2014;13.484361;439.23;;
JPN;2015;12.8937;429.79;;
KOR;1990;2.796591;92.91;;
KOR;1991;3.255762;99.87;;
KOR;1992;3.470231;110.87;;
KOR;1993;3.768411;124.37;;
KOR;1994;4.239447;132.07;;
KOR;1995;4.42935;144.75;;
KOR;1996;4.891408;157.28;;
KOR;1997;5.496483;171.23;;
KOR;1998;5.94092;156.34;;
KOR;1999;7.157646;172.89;;
KOR;2000;7.695744;188.16;;
KOR;2001;8.368428;191.06;;
KOR;2002;9.61708;198.7;;
KOR;2003;10.7863;202.75;;
KOR;2004;10.062339;208.33;;
KOR;2005;2.271132;210.29;;
KOR;2006;1.325188;213.74;;
KOR;2007;1.044528;222.24;;
KOR;2008;1.044706;227.11;;
KOR;2009;0.641956;229.27;;
KOR;2010;0.75006;250.02;;
KOR;2011;1.01595;260.5;;
KOR;2012;1.05388;263.47;;
KOR;2013;1.398299;263.83;;
KOR;2014;1.207935;268.43;;
KOR;2015;1.09076;272.69;;
LUX;1990;0.013899;3.39;;
LUX;1991;0.014842;3.62;;
LUX;1992;0.01815;3.63;;
LUX;1993;0.016928;3.68;;
LUX;1994;0.018156;3.56;;
LUX;1995;0.017325;3.15;;
LUX;1996;0.018821;3.19;;
LUX;1997;0.01866;3.11;;
LUX;1998;0.0198;3;;
LUX;1999;0.022536;3.13;;
LUX;2000;0.02479;3.35;;
LUX;2001;0.030272;3.52;;
LUX;2002;0.036966;3.66;;
LUX;2003;0.056742;3.86;;
LUX;2004;0.06321;4.3;;
LUX;2005;0.075069;4.39;;
LUX;2006;0.023382;4.33;;
LUX;2007;0.022734;4.21;;
LUX;2008;0.039995;4.21;;
LUX;2009;0.036036;3.96;;
LUX;2010;0.041778;4.22;;
LUX;2011;0.04598;4.18;;
LUX;2012;0.03813;4.1;;
LUX;2013;0.042876;3.97;;
LUX;2014;0.046604;3.82;;
LUX;2015;0.041403;3.73;;
MEX;1990;1.434688;123.68;;
MEX;1991;1.48029;129.85;;
MEX;1992;1.361672;130.93;;
MEX;1993;1.411178;133.13;;
MEX;1994;1.592721;136.13;;
MEX;1995;2.161192;131.78;;
MEX;1996;2.370368;134.68;;
MEX;1997;4.322765;141.73;;
MEX;1998;4.618056;145.68;;
MEX;1999;4.736524;149.89;;
MEX;2000;4.584624;150.81;;
MEX;2001;4.642573;155.27;;
MEX;2002;5.287867;156.91;;
MEX;2003;6.540646;168.14;;
MEX;2004;8.4744;171.2;;
MEX;2005;9.913842;180.58;;
MEX;2006;10.297155;183.55;;
MEX;2007;22.151724;182.77;;
MEX;2008;21.764288;183.82;;
MEX;2009;22.198426;179.89;;
MEX;2010;21.654476;178.52;;
MEX;2011;20.635968;186.92;;
MEX;2012;23.369449;191.71;;
MEX;2013;23.46937;191.9;;
MEX;2014;21.318528;188.16;;
MEX;2015;20.79807;187.37;;
NLD;1990;7.48608;67.2;;
NLD;1991;7.821217;69.77;;
NLD;1992;7.100946;69.21;;
NLD;1993;6.91174;70.6;;
NLD;1994;6.641305;71.03;;
NLD;1995;7.11914;73.85;;
NLD;1996;7.575712;77.62;;
NLD;1997;7.049832;75.48;;
NLD;1998;7.3008;76.05;;
NLD;1999;6.535278;74.86;;
NLD;2000;5.989142;75.43;;
NLD;2001;6.59673;77.7;;
NLD;2002;6.27228;78.6;;
NLD;2003;6.191163;81.57;;
NLD;2004;6.472614;82.77;;
NLD;2005;6.893733;81.39;;
NLD;2006;6.643725;80.53;;
NLD;2007;6.362013;80.43;;
NLD;2008;0.901062;79.74;;
NLD;2009;0.85855;78.05;;
NLD;2010;0.951672;83.48;;
NLD;2011;0.92904;77.42;;
NLD;2012;0.93384;77.82;;
NLD;2013;0.959016;77.34;;
NLD;2014;0.984555;72.93;;
NLD;2015;1.114833;73.83;;
NZL;1990;0.202872;12.84;;
NZL;1991;0.221088;13.16;;
NZL;1992;0.240755;13.45;;
NZL;1993;0.259311;14.17;;
NZL;1994;0.292132;14.68;;
NZL;1995;0.278443;14.89;;
NZL;1996;0.336156;15.42;;
NZL;1997;0.447858;16.11;;
NZL;1998;0.4767;15.89;;
NZL;1999;0.517389;16.53;;
NZL;2000;0.62415;17.1;;
NZL;2001;0.715616;17.12;;
NZL;2002;0.666746;17.14;;
NZL;2003;0.749556;16.92;;
NZL;2004;0.790335;17.37;;
NZL;2005;0.75383;16.94;;
NZL;2006;0.799568;16.94;;
NZL;2007;0.846222;17.13;;
NZL;2008;0.85956;17.4;;
NZL;2009;5.772414;17.54;;
NZL;2010;5.995556;18.38;;
NZL;2011;5.616312;18.33;;
NZL;2012;6.021822;19.19;;
NZL;2013;6.0375;19.32;;
NZL;2014;6.517869;20.49;;
NZL;2015;6.16837;20.63;;
NOR;1990;5.834283;21.07;;
NOR;1991;6.56064;21.76;;
NOR;1992;6.40374;22.12;;
NOR;1993;7.137328;23.54;;
NOR;1994;6.46783;23.05;;
NOR;1995;7.0265;23.5;;
NOR;1996;6.766351;22.79;;
NOR;1997;7.614684;24.12;;
NOR;1998;7.949964;25.19;;
NOR;1999;8.470618;26.38;;
NOR;2000;8.433984;26.16;;
NOR;2001;8.859648;26.88;;
NOR;2002;8.913216;24.96;;
NOR;2003;10.490792;27.08;;
NOR;2004;10.625139;26.49;;
NOR;2005;10.080031;26.83;;
NOR;2006;10.557877;27.19;;
NOR;2007;10.980497;27.61;;
NOR;2008;13.06032;32.2;;
NOR;2009;12.686812;31.31;;
NOR;2010;18.33651;33.9;;
NOR;2011;13.366046;27.98;;
NOR;2012;14.659944;29.64;;
NOR;2013;15.574536;32.61;;
NOR;2014;12.87696;27.8;;
NOR;2015;14.534534;29.62;;
POL;1990;45.16218;103.11;;
POL;1991;44.191875;101.01;;
POL;1992;43.71136;98.56;;
POL;1993;45.46788;100.95;;
POL;1994;49.596255;96.21;;
POL;1995;42.57744;99.48;;
POL;1996;51.13888;103.52;;
POL;1997;38.984256;102.16;;
POL;1998;37.967912;95.11;;
POL;1999;44.828908;92.66;;
POL;2000;37.753881;88.77;;
POL;2001;41.454104;89.36;;
POL;2002;36.732744;88.47;;
POL;2003;35.261564;90.74;;
POL;2004;31.336956;90.99;;
POL;2005;39.509632;92.14;;
POL;2006;45.13854;96.76;;
POL;2007;37.22964;96.35;;
POL;2008;45.937044;97.78;;
POL;2009;42.637056;94.08;;
POL;2010;49.436766;100.42;;
POL;2011;1.544994;100.98;;
POL;2012;1.308912;97.68;;
POL;2013;1.483672;97.61;;
POL;2014;3.658156;94.04;;
POL;2015;3.7972;94.93;;
PRT;1990;0.661132;16.78;;
PRT;1991;0.634304;16.96;;
PRT;1992;0.68229;18.05;;
PRT;1993;0.73336;17.8;;
PRT;1994;0.73953;18.26;;
PRT;1995;0.864132;20.19;;
PRT;1996;0.909545;19.99;;
PRT;1997;0.985608;21.06;;
PRT;1998;1.040132;22.76;;
PRT;1999;1.15995;24.42;;
PRT;2000;1.197533;24.59;;
PRT;2001;1.20183;24.78;;
PRT;2002;1.293081;25.81;;
PRT;2003;1.428759;25.11;;
PRT;2004;1.714448;25.82;;
PRT;2005;1.915704;26.46;;
PRT;2006;1.97679;25.15;;
PRT;2007;2.231573;25.33;;
PRT;2008;2.166904;24.68;;
PRT;2009;2.228025;24.35;;
PRT;2010;2.22545;23.5;;
PRT;2011;1.94225;22.85;;
PRT;2012;4.187232;21.44;;
PRT;2013;4.16025;21.5;;
PRT;2014;3.340626;21.17;;
PRT;2015;3.943615;21.97;;
SVK;1990;4.001508;21.33;;
SVK;1991;3.143059;19.13;;
SVK;1992;3.431673;18.09;;
SVK;1993;3.159504;17.76;;
SVK;1994;2.85852;17.43;;
SVK;1995;2.430526;17.78;;
SVK;1996;2.762624;18.08;;
SVK;1997;2.92858;18.1;;
SVK;1998;2.41488;17.55;;
SVK;1999;2.981085;17.65;;
SVK;2000;2.609554;17.74;;
SVK;2001;2.440867;18.59;;
SVK;2002;3.137275;18.73;;
SVK;2003;3.297416;18.64;;
SVK;2004;3.21859;18.35;;
SVK;2005;3.700095;18.83;;
SVK;2006;4.331936;18.64;;
SVK;2007;4.014465;17.85;;
SVK;2008;3.720792;18.32;;
SVK;2009;4.125618;16.73;;
SVK;2010;4.642932;17.83;;
SVK;2011;3.922835;17.35;;
SVK;2012;4.041716;16.66;;
SVK;2013;0.26103;16.95;;
SVK;2014;0.218515;15.95;;
SVK;2015;0.257323;16.39;;
ESP;1990;2.386855;90.07;;
ESP;1991;2.924359;93.43;;
ESP;1992;2.66476;95.17;;
ESP;1993;2.218104;91.28;;
ESP;1994;2.302526;96.34;;
ESP;1995;2.5195;100.78;;
ESP;1996;2.56194;99.3;;
ESP;1997;2.90235;105.54;;
ESP;1998;4.578518;110.86;;
ESP;1999;4.625954;116.23;;
ESP;2000;4.228542;121.86;;
ESP;2001;4.976592;125.04;;
ESP;2002;5.523804;128.76;;
ESP;2003;5.96736;133.2;;
ESP;2004;7.3392;139;;
ESP;2005;7.266816;141.93;;
ESP;2006;9.572175;141.81;;
ESP;2007;10.671444;143.82;;
ESP;2008;10.360715;139.07;;
ESP;2009;10.43256;127.85;;
ESP;2010;10.616025;127.75;;
ESP;2011;11.18908;125.72;;
ESP;2012;12.061511;125.51;;
ESP;2013;11.219138;117.11;;
ESP;2014;7.881728;114.56;;
ESP;2015;7.777368;118.92;;
SWE;1990;2.5252;47.2;;
SWE;1991;2.97009;48.69;;
SWE;1992;2.876172;46.54;;
SWE;1993;2.539446;46.51;;
SWE;1994;3.49391;49.7;;
SWE;1995;3.17079;50.33;;
SWE;1996;3.1518;51.5;;
SWE;1997;2.603823;50.17;;
SWE;1998;2.854813;51.07;;
SWE;1999;3.26978;50.15;;
SWE;2000;2.54446;47.56;;
SWE;2001;3.48657;50.53;;
SWE;2002;3.282852;51.78;;
SWE;2003;2.996704;50.62;;
SWE;2004;3.397314;52.59;;
SWE;2005;3.589272;51.57;;
SWE;2006;3.810939;50.21;;
SWE;2007;4.920898;50.06;;
SWE;2008;5.84288;49.6;;
SWE;2009;5.35838;45.41;;
SWE;2010;6.54574;50.9;;
SWE;2011;7.515915;49.61;;
SWE;2012;7.778265;50.15;;
SWE;2013;6.90118;49.4;;
SWE;2014;6.9919;48.22;;
SWE;2015;11.103435;45.45;;
CHE;1990;5.500488;24.36;;
CHE;1991;6.461949;24.73;;
CHE;1992;6.7068;24.84;;
CHE;1993;5.58271;24.22;;
CHE;1994;6.2322;24.44;;
CHE;1995;5.547927;24.09;;
CHE;1996;6.61892;24.56;;
CHE;1997;6.852258;24.99;;
CHE;1998;6.73992;25.3;;
CHE;1999;7.8554;25.34;;
CHE;2000;7.042816;25.01;;
CHE;2001;6.730304;26.56;;
CHE;2002;6.335283;25.89;;
CHE;2003;6.5;26;;
CHE;2004;7.500875;26.09;;
CHE;2005;7.434404;25.94;;
CHE;2006;8.275995;27.09;;
CHE;2007;8.111824;25.76;;
CHE;2008;9.326668;26.77;;
CHE;2009;9.001944;26.96;;
CHE;2010;8.6198;26.2;;
CHE;2011;9.367984;25.36;;
CHE;2012;8.855938;25.61;;
CHE;2013;9.601416;26.73;;
CHE;2014;10.582838;25.06;;
CHE;2015;9.066288;24.53;;
TUR;1990;7.85757;52.7;;
TUR;1991;8.233632;51.98;;
TUR;1992;8.516444;53.63;;
TUR;1993;9.927305;56.89;;
TUR;1994;10.308914;56.21;;
TUR;1995;10.71318;61.57;;
TUR;1996;10.13838;66.92;;
TUR;1997;11.519076;70.41;;
TUR;1998;11.593184;71.74;;
TUR;1999;13.107023;70.43;;
TUR;2000;13.460616;75.92;;
TUR;2001;12.90276;70.2;;
TUR;2002;12.489543;74.21;;
TUR;2003;13.121095;77.87;;
TUR;2004;13.302656;80.72;;
TUR;2005;13.498863;84.21;;
TUR;2006;14.447565;93.15;;
TUR;2007;17.77;100;;
TUR;2008;17.58834;98.7;;
TUR;2009;17.416399;97.79;;
TUR;2010;20.2635;106.65;;
TUR;2011;20.513568;113.46;;
TUR;2012;24.45498;118.14;;
TUR;2013;23.72055;116.85;;
TUR;2014;25.62435;121.5;;
TUR;2015;28.673106;128.81;;
GBR;1990;45.899568;205.92;;
GBR;1991;39.008776;212.93;;
GBR;1992;39.336318;212.17;;
GBR;1993;39.97068;214.32;;
GBR;1994;40.325333;215.99;;
GBR;1995;39.959845;216.35;;
GBR;1996;39.494;225.68;;
GBR;1997;36.778287;219.31;;
GBR;1998;35.32925;221.5;;
GBR;1999;35.5296;222.06;;
GBR;2000;33.866105;222.95;;
GBR;2001;29.786449;223.79;;
GBR;2002;29.477504;220.64;;
GBR;2003;30.373497;224.49;;
GBR;2004;28.543086;221.78;;
GBR;2005;29.771424;222.84;;
GBR;2006;26.356527;219.09;;
GBR;2007;23.478768;211.14;;
GBR;2008;20.00544;208.39;;
GBR;2009;18.530893;196.51;;
GBR;2010;20.663292;203.78;;
GBR;2011;20.58901;188.89;;
GBR;2012;19.182644;193.96;;
GBR;2013;19.652871;190.99;;
GBR;2014;20.14768;179.89;;
GBR;2015;17.984625;180.75;;
USA;1990;233.061585;1915.05;;
USA;1991;247.11936;1930.62;;
USA;1992;9.8468;1969.36;;
USA;1993;9.618432;2003.84;;
USA;1994;13.064256;2041.29;;
USA;1995;13.024116;2067.32;;
USA;1996;17.32865;2113.25;;
USA;1997;18.14342;2134.52;;
USA;1998;17.006172;2152.68;;
USA;1999;19.67701;2210.9;;
USA;2000;21.369396;2273.34;;
USA;2001;21.41472;2230.7;;
USA;2002;23.010588;2255.94;;
USA;2003;23.063934;2261.17;;
USA;2004;26.308578;2307.77;;
USA;2005;27.82524;2318.77;;
USA;2006;33.533572;2296.82;;
USA;2007;40.903975;2337.37;;
USA;2008;43.720512;2277.11;;
USA;2009;46.54234;2164.76;;
USA;2010;62.247682;2215.22;;
USA;2011;73.160028;2190.42;;
USA;2012;76.987764;2156.52;;
USA;2013;92.402744;2179.31;;
USA;2014;99.978131;2216.81;;
USA;2015;121.887196;2188.28;;
OEU;1990;111.915048;1629.04;;
OEU;1991;134.334005;1648.27;;
OEU;1992;133.21228;1624.54;;
OEU;1993;81.738652;1628.26;;
OEU;1994;83.508038;1624.67;;
OEU;1995;88.244112;1671.29;;
OEU;1996;87.096965;1731.55;;
OEU;1997;84.52892;1725.08;;
OEU;1998;88.286952;1741.36;;
OEU;1999;90.419029;1735.49;;
OEU;2000;87.083843;1752.19;;
OEU;2001;87.14948;1785.85;;
OEU;2002;83.353896;1784.88;;
OEU;2003;81.911968;1824.32;;
OEU;2004;73.7676;1844.19;;
OEU;2005;75.071205;1853.61;;
OEU;2006;80.40699;1869.93;;
OEU;2007;81.002524;1845.16;;
OEU;2008;83.671292;1842.98;;
OEU;2009;83.380554;1748.02;;
OEU;2010;85.276068;1826.04;;
OEU;2011;89.112855;1757.65;;
OEU;2012;95.377888;1753.27;;
OEU;2013;98.50323;1743.42;;
OEU;2014;102.80682;1679.85;;
OEU;2015;109.703516;1706.12;;
ALB;1990;0.177555;2.67;;
ALB;1991;0.126038;1.87;;
ALB;1992;0.091392;1.36;;
ALB;1993;0.094031;1.33;;
ALB;1994;0.082786;1.42;;
ALB;1995;0.077672;1.33;;
ALB;1996;0.087046;1.42;;
ALB;1997;0.077924;1.21;;
ALB;1998;0.086051;1.33;;
ALB;1999;0.115097;1.79;;
ALB;2000;0.111875;1.79;;
ALB;2001;0.118584;1.83;;
ALB;2002;0.133062;2.01;;
ALB;2003;0.132384;1.97;;
ALB;2004;0.150815;2.17;;
ALB;2005;0.14973;2.17;;
ALB;2006;0.145432;2.12;;
ALB;2007;0.140996;2.02;;
ALB;2008;0.151525;2.09;;
ALB;2009;0.164138;2.14;;
ALB;2010;0.168964;2.12;;
ALB;2011;0.193362;2.22;;
ALB;2012;0.186;2;;
ALB;2013;0.238032;2.32;;
ALB;2014;0.252954;2.34;;
ALB;2015;0.243966;2.19;;
DZA;1990;2.724932;22.19;;
DZA;1991;3.032324;23.47;;
DZA;1992;3.252308;24.02;;
DZA;1993;3.377811;24.11;;
DZA;1994;3.30008;23.24;;
DZA;1995;5.512176;24.24;;
DZA;1996;8.348279;23.47;;
DZA;1997;11.339575;24.05;;
DZA;1998;11.810305;24.89;;
DZA;1999;12.296596;26.57;;
DZA;2000;13.748706;26.99;;
DZA;2001;15.13177;27.05;;
DZA;2002;17.201778;28.93;;
DZA;2003;16.06995;30.75;;
DZA;2004;12.464452;31.13;;
DZA;2005;11.826816;32.42;;
DZA;2006;10.694151;34.71;;
DZA;2007;10.234152;36.84;;
DZA;2008;11.728869;37.27;;
DZA;2009;13.259228;40.76;;
DZA;2010;12.844836;40.09;;
DZA;2011;13.825692;41.82;;
DZA;2012;10.494951;45.97;;
DZA;2013;12.446928;47.58;;
DZA;2014;16.002199;51.67;;
DZA;2015;21.92806;54.01;;
ARG;1990;11.915722;46.06;;
ARG;1991;14.865988;47.48;;
ARG;1992;17.474006;49.94;;
ARG;1993;13.666832;50.08;;
ARG;1994;18.333648;53.28;;
ARG;1995;0;54.04;;
ARG;1996;0.05604;56.04;;
ARG;1997;0.109877;57.83;;
ARG;1998;0.095696;59.81;;
ARG;1999;0.170352;60.84;;
ARG;2000;0.135432;61.56;;
ARG;2001;0.128832;58.56;;
ARG;2002;0.119511;56.91;;
ARG;2003;0.146136;60.89;;
ARG;2004;0.192908;66.52;;
ARG;2005;0.180684;66.92;;
ARG;2006;0.160182;72.81;;
ARG;2007;0.16225;73.75;;
ARG;2008;0.209682;77.66;;
ARG;2009;0.203877;75.51;;
ARG;2010;0.204542;78.67;;
ARG;2011;0.297998;80.54;;
ARG;2012;0.193992;80.83;;
ARG;2013;0.2075;83;;
ARG;2014;0.159277;83.83;;
ARG;2015;0.17194;85.97;;
ARM;1990;0.013107;7.71;;
ARM;1991;0.011368;8.12;;
ARM;1992;0.006195;4.13;;
ARM;1993;0.002409;2.19;;
ARM;1994;0.00069;1.38;;
ARM;1995;0.00082;1.64;;
ARM;1996;0;1.78;;
ARM;1997;1.386072;1.86;;
ARM;1998;1.41588;1.9;;
ARM;1999;1.38897;1.83;;
ARM;2000;1.508304;2.01;;
ARM;2001;1.518756;2.01;;
ARM;2002;1.451736;1.88;;
ARM;2003;1.5147;1.98;;
ARM;2004;1.591117;2.09;;
ARM;2005;1.954788;2.51;;
ARM;2006;1.927424;2.56;;
ARM;2007;2.13123;2.85;;
ARM;2008;2.1996;3;;
ARM;2009;1.875285;2.61;;
ARM;2010;1.693344;2.48;;
ARM;2011;1.861568;2.72;;
ARM;2012;2.165724;2.97;;
ARM;2013;1.98157;2.9;;
ARM;2014;1.931696;2.96;;
ARM;2015;1.904628;3.07;;
AZE;1990;13.18812;22.66;;
AZE;1991;12.798745;22.45;;
AZE;1992;10.213685;18.19;;
AZE;1993;8.47437;16.3;;
AZE;1994;7.918;14.8;;
AZE;1995;7.18769;13.9;;
AZE;1996;6.07945;11.75;;
AZE;1997;0;11.32;;
AZE;1998;0.830725;11.75;;
AZE;1999;0.735589;10.93;;
AZE;2000;0.79665;11.3;;
AZE;2001;0.918632;11.44;;
AZE;2002;1.018436;11.56;;
AZE;2003;1.113856;12.16;;
AZE;2004;1.064128;12.79;;
AZE;2005;1.175125;13.43;;
AZE;2006;1.166886;13.23;;
AZE;2007;0.959112;12.11;;
AZE;2008;1.176156;13.32;;
AZE;2009;1.266834;11.94;;
AZE;2010;1.233176;11.59;;
AZE;2011;1.261024;12.56;;
AZE;2012;0.977466;13.69;;
AZE;2013;1.078476;13.88;;
AZE;2014;1.191424;14.32;;
AZE;2015;1.052588;14.36;;
BGD;1990;0.800072;12.74;;
BGD;1991;0.862872;12.56;;
BGD;1992;0.95135;13.25;;
BGD;1993;1.126195;13.99;;
BGD;1994;1.18341;14.61;;
BGD;1995;1.31016;15.9;;
BGD;1996;1.347957;15.99;;
BGD;1997;1.326774;16.71;;
BGD;1998;0;17.42;;
BGD;1999;0.340645;17.65;;
BGD;2000;0.332332;18.26;;
BGD;2001;1.336662;19.98;;
BGD;2002;3.576705;20.45;;
BGD;2003;4.941415;21.55;;
BGD;2004;2.38377;21.95;;
BGD;2005;1.900686;22.79;;
BGD;2006;1.741146;24.42;;
BGD;2007;1.954066;25.51;;
BGD;2008;1.697852;26.78;;
BGD;2009;1.687383;28.17;;
BGD;2010;1.40346;30.51;;
BGD;2011;2.56998;31.65;;
BGD;2012;3.059562;33.22;;
BGD;2013;2.98496;33.92;;
BGD;2014;2.26688;35.42;;
BGD;2015;2.522142;37.87;;
BLR;1990;2.67995;45.5;;
BLR;1991;2.407119;44.33;;
BLR;1992;2.585601;36.99;;
BLR;1993;2.9043;31.5;;
BLR;1994;2.1935;26.75;;
BLR;1995;1.73745;24.75;;
BLR;1996;1.715175;25.41;;
BLR;1997;1.761825;25.35;;
BLR;1998;3.07892;24.83;;
BLR;1999;0;24.18;;
BLR;2000;0.17199;24.57;;
BLR;2001;0.1851;24.68;;
BLR;2002;0.231472;25.16;;
BLR;2003;0.36001;25.9;;
BLR;2004;0.316004;26.78;;
BLR;2005;0.291684;26.76;;
BLR;2006;0.364544;28.48;;
BLR;2007;0.40734;27.9;;
BLR;2008;0.444246;27.94;;
BLR;2009;0.360808;26.53;;
BLR;2010;0.368768;27.52;;
BLR;2011;0.32274;29.34;;
BLR;2012;0.49105;30.5;;
BLR;2013;0.529232;27.28;;
BLR;2014;0.541125;27.75;;
BLR;2015;0.533197;25.27;;
BIH;1990;0.127764;7.02;;
BIH;1991;0.15168;6.32;;
BIH;1992;0.09256;4.45;;
BIH;1993;0.084588;3.71;;
BIH;1994;0.048096;1.44;;
BIH;1995;0.03874;1.49;;
BIH;1996;0.03255;1.75;;
BIH;1997;0.049496;2.69;;
BIH;1998;0.054605;3.35;;
BIH;1999;0.059911;3.31;;
BIH;2000;0;4.35;;
BIH;2001;0;4.2;;
BIH;2002;0;4.41;;
BIH;2003;0;4.4;;
BIH;2004;0;4.81;;
BIH;2005;0;5.04;;
BIH;2006;0;5.3;;
BIH;2007;0;5.3;;
BIH;2008;0;5.96;;
BIH;2009;0;6.22;;
BIH;2010;0;6.48;;
BIH;2011;0;7.15;;
BIH;2012;0;6.68;;
BIH;2013;0;6.45;;
BIH;2014;0;7.82;;
BIH;2015;0;8.03;;
BRA;1990;0;140.21;;
BRA;1991;0;142.86;;
BRA;1992;0;144.35;;
BRA;1993;0;147.96;;
BRA;1994;0;155.76;;
BRA;1995;0;161.09;;
BRA;1996;0;169.66;;
BRA;1997;0;178.28;;
BRA;1998;0;182.55;;
BRA;1999;0;186.69;;
BRA;2000;0;187.44;;
BRA;2001;0;190.71;;
BRA;2002;106.650048;195.76;;
BRA;2003;110.095634;198.98;;
BRA;2004;111.888308;210.04;;
BRA;2005;108.827782;215.33;;
BRA;2006;110.85295;222.82;;
BRA;2007;107.346214;235.46;;
BRA;2008;109.176336;248.58;;
BRA;2009;104.427435;240.45;;
BRA;2010;112.653356;265.88;;
BRA;2011;115.361088;270.04;;
BRA;2012;118.499844;281.74;;
BRA;2013;115.377144;293.73;;
BRA;2014;118.08861;303.18;;
BRA;2015;112.070278;297.98;;
BRN;1990;0.649096;1.73;;
BRN;1991;0.71487;1.95;;
BRN;1992;0.72807;2.1;;
BRN;1993;0.678316;2.02;;
BRN;1994;0.609496;1.88;;
BRN;1995;0.697275;2.25;;
BRN;1996;0.656078;2.26;;
BRN;1997;0.66339;2.34;;
BRN;1998;0.636556;2.33;;
BRN;1999;0.643218;2.37;;
BRN;2000;0.624274;2.38;;
BRN;2001;0.548743;2.21;;
BRN;2002;0;2.16;;
BRN;2003;0.01125;2.5;;
BRN;2004;0.0115;2.3;;
BRN;2005;0.014208;2.22;;
BRN;2006;0.025515;3.15;;
BRN;2007;0.041667;3.23;;
BRN;2008;0.056286;3.54;;
BRN;2009;0.06688;3.04;;
BRN;2010;0.07776;3.24;;
BRN;2011;0.101394;3.87;;
BRN;2012;0.109921;3.83;;
BRN;2013;0.101232;3.04;;
BRN;2014;0.131705;3.55;;
BRN;2015;0.103904;2.72;;
BGR;1990;1.049784;28.22;;
BGR;1991;0.81906;21.9;;
BGR;1992;0.867504;20.46;;
BGR;1993;0.974136;21.94;;
BGR;1994;0.97888;21.28;;
BGR;1995;1.073685;23.09;;
BGR;1996;1.164072;22.96;;
BGR;1997;1.113335;20.81;;
BGR;1998;1.055581;20.03;;
BGR;1999;0.954472;18.32;;
BGR;2000;1.057048;18.61;;
BGR;2001;1.00828;19.39;;
BGR;2002;1.03005;18.9;;
BGR;2003;0;19.36;;
BGR;2004;17.728445;18.83;;
BGR;2005;18.91495;19.9;;
BGR;2006;19.437;20.46;;
BGR;2007;19.120036;20.12;;
BGR;2008;18.883305;19.85;;
BGR;2009;16.639753;17.51;;
BGR;2010;15.298507;17.87;;
BGR;2011;15.687834;19.23;;
BGR;2012;14.994612;18.36;;
BGR;2013;13.158684;16.92;;
BGR;2014;13.032732;17.88;;
BGR;2015;13.151687;18.61;;
KHM;1990;0;;;
KHM;1991;0;;;
KHM;1992;0;;;
KHM;1993;0;;;
KHM;1994;0;;;
KHM;1995;1.669352;2.84;;
KHM;1996;1.757943;2.97;;
KHM;1997;1.746703;3.01;;
KHM;1998;1.943781;3.43;;
KHM;1999;1.993136;3.44;;
KHM;2000;2.048046;3.41;;
KHM;2001;2.077208;3.43;;
KHM;2002;2.428314;3.99;;
KHM;2003;2.449149;4.11;;
KHM;2004;0;3.39;;
KHM;2005;1.124011;3.43;;
KHM;2006;1.147335;3.43;;
KHM;2007;1.067372;3.47;;
KHM;2008;1.079472;3.44;;
KHM;2009;1.448614;5.09;;
KHM;2010;1.372475;5.33;;
KHM;2011;1.300792;5.54;;
KHM;2012;1.252377;5.79;;
KHM;2013;1.26776;5.98;;
KHM;2014;1.389024;6.36;;
KHM;2015;1.226368;7.04;;
CHL;1990;3.191478;14.01;;
CHL;1991;2.739896;14.33;;
CHL;1992;2.786651;15.49;;
CHL;1993;2.918744;15.88;;
CHL;1994;2.855811;17.07;;
CHL;1995;2.574936;18.34;;
CHL;1996;3.64744;20.32;;
CHL;1997;3.9585;22.75;;
CHL;1998;4.130068;23.56;;
CHL;1999;4.275124;25.03;;
CHL;2000;4.236111;25.17;;
CHL;2001;3.75687;24.7;;
CHL;2002;3.996591;25.57;;
CHL;2003;3.864168;25.83;;
CHL;2004;4.299813;27.51;;
CHL;2005;0;28.36;;
CHL;2006;1.791864;29.52;;
CHL;2007;2.933396;30.62;;
CHL;2008;3.111858;30.33;;
CHL;2009;2.92248;29.52;;
CHL;2010;9.905935;30.85;;
CHL;2011;10.540096;33.61;;
CHL;2012;12.86004;37.2;;
CHL;2013;8.113293;38.69;;
CHL;2014;5.909748;35.24;;
CHL;2015;7.088393;36.11;;
CHN;1990;123.723628;870.68;;
CHN;1991;126.598935;847.95;;
CHN;1992;126.520797;876.79;;
CHN;1993;120.27442;928.76;;
CHN;1994;140.851304;972.73;;
CHN;1995;144.546344;1044.41;;
CHN;1996;138.798378;1073.46;;
CHN;1997;106.22997;1073.03;;
CHN;1998;108.378195;1078.39;;
CHN;1999;126.666274;1098.58;;
CHN;2000;151.737512;1129.84;;
CHN;2001;91.12428;1168.26;;
CHN;2002;101.031136;1245.76;;
CHN;2003;176.316804;1419.62;;
CHN;2004;413.34528;1614.63;;
CHN;2005;443.922388;1781.39;;
CHN;2006;0;1948.76;;
CHN;2007;725.126492;2097.56;;
CHN;2008;785.560153;2153.99;;
CHN;2009;777.743884;2296.94;;
CHN;2010;888.712512;2536.28;;
CHN;2011;986.812274;2721.49;;
CHN;2012;985.372072;2818.57;;
CHN;2013;1036.089626;2908.73;;
CHN;2014;1022.508624;2953.52;;
CHN;2015;965.414275;2973.25;;
COL;1990;7.61719;24.22;;
COL;1991;7.408225;24.49;;
COL;1992;7.48995;25.05;;
COL;1993;7.55346;26.2;;
COL;1994;7.68852;27.12;;
COL;1995;6.9552;27.6;;
COL;1996;6.903534;28.27;;
COL;1997;6.591429;27.43;;
COL;1998;6.800391;28.73;;
COL;1999;5.859889;25.69;;
COL;2000;6.434433;25.81;;
COL;2001;5.977575;25.71;;
COL;2002;6.22188;25.2;;
COL;2003;5.717206;25.73;;
COL;2004;5.5744;26;;
COL;2005;5.410584;27.08;;
COL;2006;5.799339;28.47;;
COL;2007;0;28.29;;
COL;2008;13.844388;29.62;;
COL;2009;14.16805;30.7;;
COL;2010;14.21784;31.2;;
COL;2011;14.08125;31.25;;
COL;2012;14.188035;31.55;;
COL;2013;14.50315;33.65;;
COL;2014;14.109249;33.99;;
COL;2015;13.81602;33.78;;
HRV;1990;3.816164;9.46;;
HRV;1991;3.290876;8.17;;
HRV;1992;2.90598;7.48;;
HRV;1993;2.887155;7.73;;
HRV;1994;2.983488;7.58;;
HRV;1995;3.281272;7.82;;
HRV;1996;3.411996;8.07;;
HRV;1997;3.661076;8.53;;
HRV;1998;3.819942;8.82;;
HRV;1999;3.86724;8.71;;
HRV;2000;3.730194;8.39;;
HRV;2001;3.9846;8.7;;
HRV;2002;3.937024;8.96;;
HRV;2003;4.106353;9.61;;
HRV;2004;3.90912;9.6;;
HRV;2005;3.842475;9.75;;
HRV;2006;3.738402;9.69;;
HRV;2007;4.0572;10.08;;
HRV;2008;0;9.83;;
HRV;2009;0.01235;9.5;;
HRV;2010;0.007512;9.39;;
HRV;2011;0.003664;9.16;;
HRV;2012;0;8.62;;
HRV;2013;0;8.44;;
HRV;2014;0;8.04;;
HRV;2015;0;8.4;;
CYP;1990;0;1.37;;
CYP;1991;0;1.39;;
CYP;1992;0;1.57;;
CYP;1993;0;1.68;;
CYP;1994;0;1.92;;
CYP;1995;0;1.69;;
CYP;1996;0;1.88;;
CYP;1997;0;1.85;;
CYP;1998;0;1.98;;
CYP;1999;0;1.99;;
CYP;2000;0;2.14;;
CYP;2001;0;2.11;;
CYP;2002;0;2.14;;
CYP;2003;0;2.33;;
CYP;2004;0;2.18;;
CYP;2005;0;2.22;;
CYP;2006;0.000231;2.31;;
CYP;2007;0;2.44;;
CYP;2008;0.000258;2.58;;
CYP;2009;0;2.53;;
CYP;2010;0.028792;2.44;;
CYP;2011;0.03792;2.37;;
CYP;2012;0.037018;2.23;;
CYP;2013;0.027792;1.93;;
CYP;2014;0.027186;1.97;;
CYP;2015;0.035778;2.01;;
EGY;1990;0.69015;32.25;;
EGY;1991;0.738983;32.27;;
EGY;1992;1.122429;33.11;;
EGY;1993;1.232806;34.34;;
EGY;1994;1.377351;33.03;;
EGY;1995;1.254141;35.13;;
EGY;1996;1.632864;37.28;;
EGY;1997;1.887138;38.83;;
EGY;1998;2.16372;41.61;;
EGY;1999;2.348208;42.54;;
EGY;2000;2.268981;40.59;;
EGY;2001;2.183282;45.58;;
EGY;2002;2.51557;47.02;;
EGY;2003;3.104316;48.81;;
EGY;2004;4.386564;53.56;;
EGY;2005;4.371694;61.66;;
EGY;2006;5.764005;65.13;;
EGY;2007;7.446654;69.66;;
EGY;2008;7.213544;72.28;;
EGY;2009;7.905255;73.95;;
EGY;2010;0;73.23;;
EGY;2011;0;76.42;;
EGY;2012;0;78.69;;
EGY;2013;0;77.42;;
EGY;2014;0;80.47;;
EGY;2015;0;79.39;;
EST;1990;8.017644;9.78;;
EST;1991;7.485696;9.12;;
EST;1992;5.359806;6.57;;
EST;1993;4.438496;5.44;;
EST;1994;4.418901;5.49;;
EST;1995;4.150286;5.21;;
EST;1996;4.482192;5.72;;
EST;1997;4.564296;5.61;;
EST;1998;4.118016;5.12;;
EST;1999;3.632512;4.81;;
EST;2000;3.42417;4.71;;
EST;2001;3.46368;4.92;;
EST;2002;3.142041;4.71;;
EST;2003;3.446415;5.21;;
EST;2004;3.75558;5.3;;
EST;2005;3.539153;5.21;;
EST;2006;3.477768;5.08;;
EST;2007;3.86351;5.69;;
EST;2008;3.743082;5.49;;
EST;2009;3.259004;4.87;;
EST;2010;3.50688;5.62;;
EST;2011;0;5.63;;
EST;2012;4.487208;5.52;;
EST;2013;5.030949;6.09;;
EST;2014;5.025011;5.99;;
EST;2015;4.51757;5.42;;
ETH;1990;19.05483;22.93;;
ETH;1991;19.908196;23.72;;
ETH;1992;20.48733;24.3;;
ETH;1993;21.222435;25.31;;
ETH;1994;21.99732;26.3;;
ETH;1995;23.274945;27.27;;
ETH;1996;23.60058;28.2;;
ETH;1997;24.507648;29.01;;
ETH;1998;25.31633;29.9;;
ETH;1999;25.767105;30.73;;
ETH;2000;26.559389;31.69;;
ETH;2001;27.990744;32.88;;
ETH;2002;28.090256;33.86;;
ETH;2003;24.838723;34.93;;
ETH;2004;26.042324;35.98;;
ETH;2005;25.480857;36.87;;
ETH;2006;26.145432;37.98;;
ETH;2007;27.813143;39.19;;
ETH;2008;28.459824;40.38;;
ETH;2009;31.83465;41.5;;
ETH;2010;30.091048;42.64;;
ETH;2011;30.723;43.89;;
ETH;2012;0;45.33;;
ETH;2013;13.068096;46.94;;
ETH;2014;15.535756;48.61;;
ETH;2015;16.816636;49.99;;
GEO;1990;3.962513;12.41;;
GEO;1991;3.03309;10.05;;
GEO;1992;2.597134;8.66;;
GEO;1993;2.09836;7.6;;
GEO;1994;1.185912;4.68;;
GEO;1995;0.912731;3.73;;
GEO;1996;0.855;3.75;;
GEO;1997;0.825132;3.29;;
GEO;1998;0.802864;3.04;;
GEO;1999;0.728082;2.78;;
GEO;2000;0.711473;2.87;;
GEO;2001;0.622454;2.57;;
GEO;2002;0.63754;2.54;;
GEO;2003;0.686443;2.71;;
GEO;2004;0.653856;2.78;;
GEO;2005;0.695516;2.84;;
GEO;2006;0.792042;3.03;;
GEO;2007;0.739142;3.34;;
GEO;2008;0.6942;3;;
GEO;2009;0.92845;3.1;;
GEO;2010;0.975936;3.12;;
GEO;2011;0.960402;3.54;;
GEO;2012;0.993909;3.71;;
GEO;2013;1.04598;3.9;;
GEO;2014;1.065453;4.39;;
GEO;2015;1.163982;4.63;;
GHA;1990;1.297108;5.29;;
GHA;1991;1.28506;5.48;;
GHA;1992;1.280286;5.67;;
GHA;1993;1.26522;5.94;;
GHA;1994;1.278642;6.18;;
GHA;1995;1.347054;6.47;;
GHA;1996;1.380147;6.69;;
GHA;1997;1.4119;7;;
GHA;1998;1.438094;7.39;;
GHA;1999;1.426944;7.68;;
GHA;2000;1.088324;6.28;;
GHA;2001;0.933464;6.32;;
GHA;2002;0.81012;6.28;;
GHA;2003;0.692604;5.94;;
GHA;2004;0.640926;5.94;;
GHA;2005;0.573686;5.89;;
GHA;2006;0.595023;6.27;;
GHA;2007;0.559284;6.27;;
GHA;2008;0.520785;6.39;;
GHA;2009;0.514104;6.91;;
GHA;2010;0.57987;7.58;;
GHA;2011;0.5852;7.6;;
GHA;2012;0.68607;8.47;;
GHA;2013;0.773104;9.16;;
GHA;2014;0;8.89;;
GHA;2015;3.15735;9.7;;
HTI;1990;0.49452;1.56;;
HTI;1991;0.453492;1.56;;
HTI;1992;0.478548;1.62;;
HTI;1993;0.479388;1.56;;
HTI;1994;0.437328;1.44;;
HTI;1995;0.507845;1.69;;
HTI;1996;0.467346;1.94;;
HTI;1997;0.465965;2.05;;
HTI;1998;0.542635;2.05;;
HTI;1999;0.498576;2.08;;
HTI;2000;0.469938;2.01;;
HTI;2001;0.51783;2.05;;
HTI;2002;0.60984;2.31;;
HTI;2003;0.568542;2.22;;
HTI;2004;0.564027;2.29;;
HTI;2005;0.861366;3.41;;
HTI;2006;0.906984;3.51;;
HTI;2007;0.933281;3.67;;
HTI;2008;0.855228;3.72;;
HTI;2009;0.879228;3.78;;
HTI;2010;0.9386;3.8;;
HTI;2011;0.968352;3.93;;
HTI;2012;0.959706;4.07;;
HTI;2013;0.96309;4.1;;
HTI;2014;0.94122;4.15;;
HTI;2015;0;4.27;;
HKG;1990;5.653858;8.62;;
HKG;1991;5.738586;8.94;;
HKG;1992;6.994332;10.62;;
HKG;1993;6.97086;10.53;;
HKG;1994;8.283959;10.63;;
HKG;1995;7.262622;10.59;;
HKG;1996;8.026272;10.44;;
HKG;1997;8.131396;10.04;;
HKG;1998;10.83108;13.1;;
HKG;1999;13.019914;16.07;;
HKG;2000;9.59454;13.59;;
HKG;2001;9.551997;14.17;;
HKG;2002;9.44696;13.15;;
HKG;2003;8.683896;13.52;;
HKG;2004;8.15848;12.7;;
HKG;2005;7.966866;12.57;;
HKG;2006;9.080225;13.25;;
HKG;2007;8.797472;14.24;;
HKG;2008;8.616112;13.96;;
HKG;2009;8.415901;14.69;;
HKG;2010;7.726284;13.67;;
HKG;2011;9.344556;14.76;;
HKG;2012;8.333544;14.26;;
HKG;2013;8.128665;13.95;;
HKG;2014;8.429448;14.16;;
HKG;2015;8.367336;13.89;;
IND;1990;0;305.71;;
IND;1991;129.474315;318.51;;
IND;1992;133.743765;330.15;;
IND;1993;139.07377;338.05;;
IND;1994;146.37951;351.03;;
IND;1995;158.24256;371.2;;
IND;1996;155.357616;382.56;;
IND;1997;168.204246;397.74;;
IND;1998;169.265568;407.28;;
IND;1999;156.107424;430.76;;
IND;2000;173.75869;440.9;;
IND;2001;189.576558;447.22;;
IND;2002;200.490474;460.58;;
IND;2003;217.789498;471.61;;
IND;2004;216.61087;496.7;;
IND;2005;271.190464;516.16;;
IND;2006;288.373024;543.28;;
IND;2007;299.04358;573.98;;
IND;2008;304.898923;602.21;;
IND;2009;339.099273;663.21;;
IND;2010;359.78118;693.22;;
IND;2011;378.880152;722.64;;
IND;2012;392.83566;758.37;;
IND;2013;404.333496;776.37;;
IND;2014;419.126187;826.19;;
IND;2015;425.224548;851.13;;
IDN;1990;51.958955;98.65;;
IDN;1991;0;103.48;;
IDN;1992;81.668377;107.87;;
IDN;1993;90.009256;118.48;;
IDN;1994;84.88692;118.64;;
IDN;1995;93.282965;130.85;;
IDN;1996;97.2252;135.6;;
IDN;1997;104.818185;140.15;;
IDN;1998;94.084867;137.09;;
IDN;1999;99.493008;143.61;;
IDN;2000;109.024264;155.66;;
IDN;2001;96.606342;159.18;;
IDN;2002;106.306668;164.97;;
IDN;2003;111.11466;165.3;;
IDN;2004;112.84488;176.1;;
IDN;2005;123.977084;179.08;;
IDN;2006;139.871655;183.15;;
IDN;2007;138.163818;182.13;;
IDN;2008;147.58912;185.6;;
IDN;2009;153.22784;200.56;;
IDN;2010;159.839518;210.62;;
IDN;2011;157.535391;202.67;;
IDN;2012;162.342302;210.67;;
IDN;2013;171.465393;215.49;;
IDN;2014;170.014116;224.53;;
IDN;2015;166.450896;225.36;;
IRN;1990;51.345798;69.33;;
IRN;1991;56.29995;76.86;;
IRN;1992;0;80.9;;
IRN;1993;11.211057;87.11;;
IRN;1994;20.16195;96.7;;
IRN;1995;19.209658;101.21;;
IRN;1996;18.910931;97.63;;
IRN;1997;21.130884;109.26;;
IRN;1998;21.975825;111.27;;
IRN;1999;29.926762;126.22;;
IRN;2000;23.939692;123.02;;
IRN;2001;25.426035;133.47;;
IRN;2002;27.77566;138.05;;
IRN;2003;26.493819;142.67;;
IRN;2004;30.604553;155.59;;
IRN;2005;29.923711;172.67;;
IRN;2006;31.5805;180.46;;
IRN;2007;36.717762;190.94;;
IRN;2008;38.939186;204.62;;
IRN;2009;36.495901;204.23;;
IRN;2010;31.154225;204.29;;
IRN;2011;34.58112;208.32;;
IRN;2012;41.724375;216.75;;
IRN;2013;48.591303;220.97;;
IRN;2014;44.11176;237.16;;
IRN;2015;47.920978;236.53;;
ISR;1990;2.827355;11.47;;
ISR;1991;2.86925;11.5;;
ISR;1992;3.085548;13.22;;
ISR;1993;0;13.86;;
ISR;1994;5.662218;14.78;;
ISR;1995;6.284652;15.51;;
ISR;1996;7.182564;15.94;;
ISR;1997;6.451678;16.81;;
ISR;1998;6.404391;17.23;;
ISR;1999;5.223855;16.77;;
ISR;2000;6.023192;18.23;;
ISR;2001;5.95254;19.14;;
ISR;2002;5.332635;18.81;;
ISR;2003;5.824296;19.73;;
ISR;2004;5.59011;19.21;;
ISR;2005;5.581788;18.44;;
ISR;2006;5.564321;20.33;;
ISR;2007;5.146313;20.81;;
ISR;2008;5.616872;22.87;;
ISR;2009;4.080447;21.51;;
ISR;2010;3.657063;23.19;;
ISR;2011;3.475628;23.14;;
ISR;2012;3.066222;23.46;;
ISR;2013;2.847701;22.37;;
ISR;2014;2.171752;21.46;;
ISR;2015;2.84952;22.98;;
KAZ;1990;9.21063;73.45;;
KAZ;1991;9.361255;74.95;;
KAZ;1992;11.242584;78.84;;
KAZ;1993;9.28523;65.62;;
KAZ;1994;0;58.14;;
KAZ;1995;0.23508;52.24;;
KAZ;1996;0.1814;45.35;;
KAZ;1997;0.138215;39.49;;
KAZ;1998;0.125888;39.34;;
KAZ;1999;0.258624;35.92;;
KAZ;2000;0.938384;35.68;;
KAZ;2001;0.832414;34.54;;
KAZ;2002;0.957734;39.74;;
KAZ;2003;0.99992;43.1;;
KAZ;2004;1.173249;50.79;;
KAZ;2005;1.088832;50.88;;
KAZ;2006;1.320745;61.43;;
KAZ;2007;1.467198;66.09;;
KAZ;2008;1.515962;69.86;;
KAZ;2009;1.535974;63.47;;
KAZ;2010;1.672704;69.12;;
KAZ;2011;1.871628;77.34;;
KAZ;2012;2.2161;73.87;;
KAZ;2013;2.992518;81.54;;
KAZ;2014;3.036132;76.67;;
KAZ;2015;3.373488;78.09;;
LVA;1990;0.40239;7.89;;
LVA;1991;0.431102;7.42;;
LVA;1992;0.42534;6.12;;
LVA;1993;0.354288;5.28;;
LVA;1994;0.346779;4.77;;
LVA;1995;0;4.6;;
LVA;1996;0.312332;4.52;;
LVA;1997;0.314973;4.43;;
LVA;1998;0.343369;4.33;;
LVA;1999;0.33233;3.98;;
LVA;2000;0.358871;3.83;;
LVA;2001;0.416754;4.11;;
LVA;2002;0.440781;4.07;;
LVA;2003;0.445824;4.32;;
LVA;2004;0.482184;4.44;;
LVA;2005;0.463419;4.53;;
LVA;2006;0.447895;4.69;;
LVA;2007;0.45264;4.8;;
LVA;2008;0.453492;4.59;;
LVA;2009;0.44704;4.4;;
LVA;2010;0.46453;4.51;;
LVA;2011;0.433668;4.26;;
LVA;2012;0.438022;4.42;;
LVA;2013;0.521234;4.34;;
LVA;2014;0.489118;4.34;;
LVA;2015;0.584046;4.26;;
LTU;1990;2.415424;16.06;;
LTU;1991;3.398065;17.05;;
LTU;1992;2.15441;11.02;;
LTU;1993;2.36782;9.1;;
LTU;1994;1.872472;8.12;;
LTU;1995;2.180984;8.71;;
LTU;1996;0;9.4;;
LTU;1997;7.90676;8.9;;
LTU;1998;8.53281;9.35;;
LTU;1999;7.402004;7.96;;
LTU;2000;6.67368;7.13;;
LTU;2001;7.949628;8.28;;
LTU;2002;8.458642;8.86;;
LTU;2003;8.7986;9.25;;
LTU;2004;8.982474;9.39;;
LTU;2005;8.503965;8.85;;
LTU;2006;8.490664;8.72;;
LTU;2007;9.34175;9.46;;
LTU;2008;9.431464;9.52;;
LTU;2009;8.67678;8.76;;
LTU;2010;6.95976;7.05;;
LTU;2011;7.209853;7.31;;
LTU;2012;7.255278;7.38;;
LTU;2013;6.828509;6.97;;
LTU;2014;6.8432;7;;
LTU;2015;7.018562;7.22;;
MKD;1990;2.420728;2.48;;
MKD;1991;2.363175;2.43;;
MKD;1992;2.60172;2.7;;
MKD;1993;2.685238;2.77;;
MKD;1994;2.362308;2.47;;
MKD;1995;2.358;2.5;;
MKD;1996;2.861205;2.95;;
MKD;1997;0;2.69;;
MKD;1998;0.67915;2.89;;
MKD;1999;0.644438;2.71;;
MKD;2000;0.565506;2.67;;
MKD;2001;0.48762;2.58;;
MKD;2002;0.414161;2.53;;
MKD;2003;0.419058;2.79;;
MKD;2004;0.395175;2.75;;
MKD;2005;0.363945;2.85;;
MKD;2006;0.4158;2.97;;
MKD;2007;0.435512;3.08;;
MKD;2008;0.397632;3.04;;
MKD;2009;0.364908;2.82;;
MKD;2010;0.362194;2.87;;
MKD;2011;0.444938;3.14;;
MKD;2012;0.470028;2.99;;
MKD;2013;0.408298;2.77;;
MKD;2014;0.383594;2.69;;
MKD;2015;0.37118;2.68;;
MYS;1990;2.955782;21.83;;
MYS;1991;3.752742;26.94;;
MYS;1992;3.96495;29.7;;
MYS;1993;4.149904;32.12;;
MYS;1994;4.233375;31.95;;
MYS;1995;5.109446;34.57;;
MYS;1996;5.251725;38.25;;
MYS;1997;5.346852;44.52;;
MYS;1998;0;42.32;;
MYS;1999;9.341373;42.87;;
MYS;2000;10.438015;48.89;;
MYS;2001;9.255072;50.88;;
MYS;2002;10.686288;52.59;;
MYS;2003;11.050235;56.35;;
MYS;2004;9.62934;60.6;;
MYS;2005;10.904607;65.73;;
MYS;2006;9.417825;66.09;;
MYS;2007;10.877211;72.37;;
MYS;2008;12.72433;75.65;;
MYS;2009;11.421732;71.88;;
MYS;2010;10.361256;73.38;;
MYS;2011;11.103052;76.52;;
MYS;2012;10.729108;77.86;;
MYS;2013;12.73245;87.81;;
MYS;2014;12.14538;89.7;;
MYS;2015;11.694132;85.86;;
MLT;1990;0.094806;0.69;;
MLT;1991;0.110148;0.67;;
MLT;1992;0.080322;0.66;;
MLT;1993;0.09792;0.85;;
MLT;1994;0.099099;0.77;;
MLT;1995;0.097838;0.71;;
MLT;1996;0.08974;0.7;;
MLT;1997;0.098592;0.78;;
MLT;1998;0.091908;0.69;;
MLT;1999;0;0.75;;
MLT;2000;0.040324;0.68;;
MLT;2001;0.048269;0.79;;
MLT;2002;0.043435;0.73;;
MLT;2003;0.050132;0.83;;
MLT;2004;0.054946;0.83;;
MLT;2005;0.054384;0.88;;
MLT;2006;0.049136;0.83;;
MLT;2007;0.051392;0.88;;
MLT;2008;0.04662;0.84;;
MLT;2009;0.046644;0.78;;
MLT;2010;0.05166;0.84;;
MLT;2011;0.048306;0.83;;
MLT;2012;0.046376;0.88;;
MLT;2013;0.039963;0.77;;
MLT;2014;0.036498;0.77;;
MLT;2015;0.026624;0.64;;
MDA;1990;0.398567;9.89;;
MDA;1991;0.342375;8.25;;
MDA;1992;0.26989;6.85;;
MDA;1993;0.22631;6.1;;
MDA;1994;0.196983;5.09;;
MDA;1995;0.177;4.72;;
MDA;1996;0.14904;4.05;;
MDA;1997;0.147834;3.87;;
MDA;1998;0.135303;3.57;;
MDA;1999;0.119496;3.12;;
MDA;2000;0;2.88;;
MDA;2001;2.09108;3.05;;
MDA;2002;1.96168;3.1;;
MDA;2003;2.07312;3.36;;
MDA;2004;1.965132;3.38;;
MDA;2005;1.9432;3.5;;
MDA;2006;1.840575;3.45;;
MDA;2007;1.909152;3.36;;
MDA;2008;1.741142;3.34;;
MDA;2009;1.611942;3.18;;
MDA;2010;1.85679;3.51;;
MDA;2011;1.847475;3.45;;
MDA;2012;1.886472;3.42;;
MDA;2013;1.688807;3.07;;
MDA;2014;1.79322;3.3;;
MDA;2015;1.849536;3.38;;
MOZ;1990;3.277904;5.92;;
MOZ;1991;3.281319;5.89;;
MOZ;1992;3.078729;5.97;;
MOZ;1993;3.36777;6.09;;
MOZ;1994;3.25827;6.15;;
MOZ;1995;3.423856;6.28;;
MOZ;1996;3.44384;6.4;;
MOZ;1997;3.384624;6.59;;
MOZ;1998;3.442554;6.66;;
MOZ;1999;3.446604;6.79;;
MOZ;2000;3.444468;7.17;;
MOZ;2001;0;7.55;;
MOZ;2002;0;7.65;;
MOZ;2003;0;8.06;;
MOZ;2004;6.749568;8.37;;
MOZ;2005;6.522018;8.49;;
MOZ;2006;6.508678;8.74;;
MOZ;2007;6.676752;9.12;;
MOZ;2008;6.700877;9.29;;
MOZ;2009;7.218432;9.64;;
MOZ;2010;7.09152;9.96;;
MOZ;2011;7.326592;10.36;;
MOZ;2012;7.567515;10.55;;
MOZ;2013;7.829159;10.93;;
MOZ;2014;8.51466;11.64;;
MOZ;2015;9.107735;12.95;;
NGA;1990;43.026876;66.42;;
NGA;1991;45.657199;69.61;;
NGA;1992;53.647704;72.36;;
NGA;1993;54.345984;73.52;;
NGA;1994;58.014308;71.72;;
NGA;1995;57.323451;73.69;;
NGA;1996;60.242244;76.82;;
NGA;1997;62.050716;79.43;;
NGA;1998;61.944762;79.97;;
NGA;1999;64.151835;82.83;;
NGA;2000;66.311028;86.04;;
NGA;2001;69.47146;90.34;;
NGA;2002;0;93.23;;
NGA;2003;1.8912;98.5;;
NGA;2004;2.076445;101.29;;
NGA;2005;3.47358;105.26;;
NGA;2006;4.013226;106.17;;
NGA;2007;6.001632;109.92;;
NGA;2008;7.311428;113.18;;
NGA;2009;11.815296;111.36;;
NGA;2010;12.88263;119.95;;
NGA;2011;12.5631;126.9;;
NGA;2012;14.41908;133.51;;
NGA;2013;14.57376;133.95;;
NGA;2014;14.788144;134.56;;
NGA;2015;16.208731;139.37;;
PAK;1990;4.75761;42.9;;
PAK;1991;4.966471;43.99;;
PAK;1992;5.290494;46.86;;
PAK;1993;5.140656;49.24;;
PAK;1994;5.418182;51.26;;
PAK;1995;6.301658;53.54;;
PAK;1996;8.242908;55.96;;
PAK;1997;8.646225;57.45;;
PAK;1998;8.69319;58.54;;
PAK;1999;9.64548;61.83;;
PAK;2000;8.873744;63.52;;
PAK;2001;9.26364;64.6;;
PAK;2002;10.910253;65.37;;
PAK;2003;11.989968;68.28;;
PAK;2004;70.58211;73.18;;
PAK;2005;73.3194;75.9;;
PAK;2006;77.318384;79.09;;
PAK;2007;81.202374;83.49;;
PAK;2008;79.528085;82.03;;
PAK;2009;80.46945;83.25;;
PAK;2010;81.447209;84.41;;
PAK;2011;82.302528;85.12;;
PAK;2012;83.261871;86.13;;
PAK;2013;85.35114;88.2;;
PAK;2014;88.8444;92;;
PAK;2015;90.031517;93.91;;
PRY;1990;2.941367;3.07;;
PRY;1991;3.03052;3.17;;
PRY;1992;3.018748;3.16;;
PRY;1993;3.145848;3.28;;
PRY;1994;3.437425;3.59;;
PRY;1995;3.747255;3.93;;
PRY;1996;3.82302;4.02;;
PRY;1997;4.158055;4.37;;
PRY;1998;4.112602;4.31;;
PRY;1999;3.923817;4.11;;
PRY;2000;3.66135;3.85;;
PRY;2001;3.700088;3.92;;
PRY;2002;3.640651;3.89;;
PRY;2003;3.709568;3.97;;
PRY;2004;0;4;;
PRY;2005;2.692404;3.96;;
PRY;2006;2.77848;4.08;;
PRY;2007;2.771496;4.23;;
PRY;2008;2.801532;4.43;;
PRY;2009;3.216187;4.49;;
PRY;2010;3.241459;4.81;;
PRY;2011;3.195912;4.88;;
PRY;2012;3.288;5;;
PRY;2013;3.123068;4.94;;
PRY;2014;3.435465;5.17;;
PRY;2015;3.655537;5.41;;
PER;1990;6.306986;9.73;;
PER;1991;6.86836;9.55;;
PER;1992;7.099418;9.29;;
PER;1993;7.832864;9.91;;
PER;1994;8.176974;10.27;;
PER;1995;8.91861;10.97;;
PER;1996;9.24227;11.3;;
PER;1997;9.068166;10.94;;
PER;1998;9.614303;11.51;;
PER;1999;9.940408;12.26;;
PER;2000;9.008584;12.22;;
PER;2001;8.16088;11.8;;
PER;2002;9.203998;11.87;;
PER;2003;8.872008;11.64;;
PER;2004;9.868716;12.87;;
PER;2005;0;13.64;;
PER;2006;1.18455;13.25;;
PER;2007;1.525776;14.34;;
PER;2008;2.141696;15.04;;
PER;2009;3.31748;15.76;;
PER;2010;3.636486;19.53;;
PER;2011;6.285801;20.89;;
PER;2012;8.77908;22.35;;
PER;2013;8.96883;22.62;;
PER;2014;9.774864;23.76;;
PER;2015;10.857932;24.61;;
PHL;1990;11.558646;28.71;;
PHL;1991;12.620534;28.67;;
PHL;1992;14.571414;29.97;;
PHL;1993;13.46552;29.95;;
PHL;1994;13.561234;32.09;;
PHL;1995;10.593662;33.62;;
PHL;1996;9.679968;34.77;;
PHL;1997;10.911138;36.59;;
PHL;1998;12.631575;37.65;;
PHL;1999;13.27284;38.64;;
PHL;2000;15.504123;39.99;;
PHL;2001;10.847557;38.29;;
PHL;2002;9.834454;38.81;;
PHL;2003;12.058209;38.91;;
PHL;2004;10.58967;38.79;;
PHL;2005;9.592065;38.85;;
PHL;2006;0;38.57;;
PHL;2007;32.0795;38.65;;
PHL;2008;33.97317;40.11;;
PHL;2009;32.564613;38.19;;
PHL;2010;33.8148;40.4;;
PHL;2011;33.727631;40.67;;
PHL;2012;35.106025;43.25;;
PHL;2013;36.203757;44.79;;
PHL;2014;37.851316;47.78;;
PHL;2015;38.1738;52.15;;
ROU;1990;45.7164;62.25;;
ROU;1991;36.4443;51.33;;
ROU;1992;31.64148;46.8;;
ROU;1993;28.843764;45.61;;
ROU;1994;26.99505;43.02;;
ROU;1995;29.244543;46.59;;
ROU;1996;29.653208;47.72;;
ROU;1997;25.644432;44.88;;
ROU;1998;22.153392;41.04;;
ROU;1999;20.41438;36.26;;
ROU;2000;19.477248;36.23;;
ROU;2001;18.505732;36.82;;
ROU;2002;20.172246;38.14;;
ROU;2003;19.144379;39.53;;
ROU;2004;17.99085;38.69;;
ROU;2005;18.88312;38.6;;
ROU;2006;16.970506;39.94;;
ROU;2007;0;39.76;;
ROU;2008;28.581868;39.62;;
ROU;2009;24.911296;34.88;;
ROU;2010;24.223245;35.03;;
ROU;2011;24.5051;35.8;;
ROU;2012;22.508348;34.94;;
ROU;2013;20.195937;31.89;;
ROU;2014;19.677581;31.57;;
ROU;2015;19.745908;31.91;;
RUS;1990;508.511928;879.17;;
RUS;1991;522.753111;871.11;;
RUS;1992;466.09177;795.65;;
RUS;1993;428.473072;751.18;;
RUS;1994;368.94312;656.95;;
RUS;1995;369.060208;636.64;;
RUS;1996;362.227243;630.07;;
RUS;1997;338.186746;601.97;;
RUS;1998;334.54355;587.95;;
RUS;1999;345.419128;608.99;;
RUS;2000;369.766117;619.27;;
RUS;2001;381.86;626;;
RUS;2002;418.41165;623.1;;
RUS;2003;444.173756;645.32;;
RUS;2004;447.34649;647.39;;
RUS;2005;440.55596;651.71;;
RUS;2006;422.186765;670.67;;
RUS;2007;424.067995;672.59;;
RUS;2008;0;688.46;;
RUS;2009;519.3469;647;;
RUS;2010;560.08224;688.4;;
RUS;2011;600.884588;721.87;;
RUS;2012;633.593496;739.92;;
RUS;2013;688.248585;719.85;;
RUS;2014;595.772796;724.52;;
RUS;2015;582.972222;709.73;;
SAU;1990;44.979;58;;
SAU;1991;53.570368;67.52;;
SAU;1992;59.982321;76.93;;
SAU;1993;61.244634;79.86;;
SAU;1994;63.114933;84.03;;
SAU;1995;63.416304;84.51;;
SAU;1996;68.25207;90.46;;
SAU;1997;62.357354;86.26;;
SAU;1998;74.00365;91.93;;
SAU;1999;75.452258;93.59;;
SAU;2000;77.3094;97.86;;
SAU;2001;79.626715;100.45;;
SAU;2002;89.789875;111.25;;
SAU;2003;92.566311;112.57;;
SAU;2004;98.28392;119.8;;
SAU;2005;100.429725;122.55;;
SAU;2006;110.4054;135.8;;
SAU;2007;109.421536;140.32;;
SAU;2008;121.381116;156.54;;
SAU;2009;0;166.64;;
SAU;2010;132.050331;185.49;;
SAU;2011;125.28739;176.71;;
SAU;2012;134.98026;199.38;;
SAU;2013;127.44576;191.36;;
SAU;2014;134.139432;213.36;;
SAU;2015;130.398058;221.69;;
SGP;1990;6.903011;11.53;;
SGP;1991;8.032822;13.07;;
SGP;1992;8.456066;14.83;;
SGP;1993;9.182718;18.18;;
SGP;1994;11.250437;22.09;;
SGP;1995;8.740745;18.85;;
SGP;1996;8.926246;19.67;;
SGP;1997;9.827841;22.09;;
SGP;1998;8.520924;19.96;;
SGP;1999;8.175632;18.16;;
SGP;2000;9.247251;18.67;;
SGP;2001;9.620951;21.29;;
SGP;2002;9.661656;21.16;;
SGP;2003;12.608382;25.58;;
SGP;2004;14.992622;30.71;;
SGP;2005;10.306146;21.57;;
SGP;2006;11.211963;23.17;;
SGP;2007;10.399516;21.46;;
SGP;2008;11.5855;24.65;;
SGP;2009;10.055016;21.24;;
SGP;2010;0;25.42;;
SGP;2011;0.165564;26.28;;
SGP;2012;0.159278;25.69;;
SGP;2013;0.129744;25.44;;
SGP;2014;0.140778;26.07;;
SGP;2015;0.133172;25.61;;
SVN;1990;0.030263;5.71;;
SVN;1991;0.03058;5.56;;
SVN;1992;0.028896;5.16;;
SVN;1993;0.022722;5.41;;
SVN;1994;0.019705;5.63;;
SVN;1995;0.02428;6.07;;
SVN;1996;0.020856;6.32;;
SVN;1997;0.028251;6.57;;
SVN;1998;0.02709;6.45;;
SVN;1999;0.028935;6.43;;
SVN;2000;0.028845;6.41;;
SVN;2001;0.035048;6.74;;
SVN;2002;0.032101;6.83;;
SVN;2003;0.03455;6.91;;
SVN;2004;0.033511;7.13;;
SVN;2005;0.052488;7.29;;
SVN;2006;0.05856;7.32;;
SVN;2007;0.052043;7.33;;
SVN;2008;0.060528;7.76;;
SVN;2009;0.055692;7.14;;
SVN;2010;0.057174;7.33;;
SVN;2011;0;7.33;;
SVN;2012;3.215168;7.04;;
SVN;2013;3.044825;6.85;;
SVN;2014;2.884105;6.65;;
SVN;2015;2.798163;6.57;;
ZAF;1990;37.775688;90.96;;
ZAF;1991;37.441116;94.98;;
ZAF;1992;34.124868;88.59;;
ZAF;1993;35.640476;94.94;;
ZAF;1994;36.51924;98.17;;
ZAF;1995;36.974134;103.54;;
ZAF;1996;37.298025;105.81;;
ZAF;1997;38.240973;108.67;;
ZAF;1998;37.30018;107.96;;
ZAF;1999;37.650996;109.26;;
ZAF;2000;36.517496;109.04;;
ZAF;2001;37.12165;112.15;;
ZAF;2002;35.464;110;;
ZAF;2003;36.771138;117.63;;
ZAF;2004;38.850075;128.43;;
ZAF;2005;35.955692;128.23;;
ZAF;2006;35.02023;127.3;;
ZAF;2007;37.174464;136.32;;
ZAF;2008;38.878364;147.49;;
ZAF;2009;38.346462;144.54;;
ZAF;2010;35.903624;141.52;;
ZAF;2011;35.568267;142.33;;
ZAF;2012;0;138.76;;
ZAF;2013;64.713672;138.96;;
ZAF;2014;65.792121;145.59;;
ZAF;2015;62.91929;142.03;;
SDN;1990;4.349796;10.63;;
SDN;1991;4.512433;10.61;;
SDN;1992;4.17746;10.6;;
SDN;1993;3.96447;10.3;;
SDN;1994;4.527435;11.93;;
SDN;1995;4.712932;11.98;;
SDN;1996;4.636833;12.27;;
SDN;1997;4.77147;12.54;;
SDN;1998;4.880532;12.68;;
SDN;1999;5.25888;14.08;;
SDN;2000;4.979271;13.31;;
SDN;2001;4.947306;13.94;;
SDN;2002;5.257675;15.13;;
SDN;2003;5.077892;14.71;;
SDN;2004;5.15382;14.7;;
SDN;2005;5.36284;14.98;;
SDN;2006;5.478645;16.09;;
SDN;2007;5.036772;15.56;;
SDN;2008;5.400696;15.81;;
SDN;2009;5.59824;16.35;;
SDN;2010;5.701452;16.71;;
SDN;2011;5.601092;16.66;;
SDN;2012;4.781448;14.32;;
SDN;2013;0;14.53;;
SDN;2014;0.160286;14.98;;
SDN;2015;0.169236;15.67;;
TWN;1990;0.6303;47.75;;
TWN;1991;0.660224;51.58;;
TWN;1992;0.515808;53.73;;
TWN;1993;0.50644;57.55;;
TWN;1994;0.561162;60.34;;
TWN;1995;0.489104;63.52;;
TWN;1996;0.481248;66.84;;
TWN;1997;0.338784;70.58;;
TWN;1998;0.28652;75.4;;
TWN;1999;0.337765;78.55;;
TWN;2000;0.492072;84.84;;
TWN;2001;0.658082;88.93;;
TWN;2002;0.60567;93.18;;
TWN;2003;1.099188;96.42;;
TWN;2004;1.21392;101.16;;
TWN;2005;1.167018;102.37;;
TWN;2006;0.542984;104.42;;
TWN;2007;0.682496;110.08;;
TWN;2008;0.749689;105.59;;
TWN;2009;0.77055;102.74;;
TWN;2010;0.824656;111.44;;
TWN;2011;0.886059;109.39;;
TWN;2012;0.777669;106.53;;
TWN;2013;0.800902;108.23;;
TWN;2014;0;110.23;;
TWN;2015;1.338486;108.82;;
TZA;1990;0.061299;9.73;;
TZA;1991;0.035748;9.93;;
TZA;1992;0.02515;10.06;;
TZA;1993;0.021693;10.33;;
TZA;1994;0.023144;10.52;;
TZA;1995;0.025346;11.02;;
TZA;1996;0.02232;11.16;;
TZA;1997;0.031556;11.27;;
TZA;1998;0.0444;12;;
TZA;1999;0.0408;12.75;;
TZA;2000;0.039034;13.46;;
TZA;2001;0.039816;14.22;;
TZA;2002;0.041832;14.94;;
TZA;2003;0.045037;15.53;;
TZA;2004;0.342576;16.47;;
TZA;2005;0.3879;17.24;;
TZA;2006;0.373274;17.86;;
TZA;2007;0.22755;18.5;;
TZA;2008;0.183552;19.12;;
TZA;2009;0.23592;19.66;;
TZA;2010;0.167346;20.66;;
TZA;2011;0.200928;21.84;;
TZA;2012;0.213256;23.18;;
TZA;2013;0.14412;24.02;;
TZA;2014;0.139048;24.83;;
TZA;2015;0;25.97;;
THA;1990;1.32111;41.94;;
THA;1991;1.516815;45.55;;
THA;1992;1.485018;48.53;;
THA;1993;1.572147;51.21;;
THA;1994;1.704262;56.62;;
THA;1995;1.876176;61.92;;
THA;1996;2.139516;69.24;;
THA;1997;2.179377;70.53;;
THA;1998;2.102934;66.13;;
THA;1999;2.31568;70.6;;
THA;2000;2.407257;72.29;;
THA;2001;2.469748;74.39;;
THA;2002;2.92023;82.26;;
THA;2003;3.172316;89.11;;
THA;2004;3.68829;96.3;;
THA;2005;3.950499;99.01;;
THA;2006;3.705232;100.96;;
THA;2007;3.830372;105.23;;
THA;2008;5.09151;108.1;;
THA;2009;5.35269;107.7;;
THA;2010;5.880216;117.84;;
THA;2011;5.83792;117.7;;
THA;2012;1.893;126.2;;
THA;2013;2.361528;135.72;;
THA;2014;2.859244;134.87;;
THA;2015;2.826098;135.22;;
UKR;1990;5.998076;252.02;;
UKR;1991;43.90542;252.33;;
UKR;1992;38.110408;219.53;;
UKR;1993;32.02293;194.55;;
UKR;1994;26.556354;165.77;;
UKR;1995;26.40481;163.7;;
UKR;1996;22.64547;149.97;;
UKR;1997;21.1519;143.5;;
UKR;1998;20.51784;135.7;;
UKR;1999;17.976486;135.06;;
UKR;2000;17.860965;133.79;;
UKR;2001;20.70504;134.1;;
UKR;2002;17.73648;135.6;;
UKR;2003;15.953792;144.64;;
UKR;2004;15.33441;143.85;;
UKR;2005;15.673936;142.88;;
UKR;2006;15.217272;137.34;;
UKR;2007;13.770744;139.38;;
UKR;2008;13.019688;134.64;;
UKR;2009;16.055704;114.52;;
UKR;2010;23.413624;132.43;;
UKR;2011;21.956425;126.55;;
UKR;2012;21.451501;122.51;;
UKR;2013;22.275652;116.14;;
UKR;2014;19.66206;105.71;;
UKR;2015;17.162145;90.09;;
ARE;1990;3.802204;20.42;;
ARE;1991;0;23.49;;
ARE;1992;0.418132;22.36;;
ARE;1993;0.42318;23.51;;
ARE;1994;0.42201;26.05;;
ARE;1995;0.45672;27.68;;
ARE;1996;0.447219;29.23;;
ARE;1997;0.44776;30.88;;
ARE;1998;0.448436;31.58;;
ARE;1999;0.461032;32.24;;
ARE;2000;0.453888;31.52;;
ARE;2001;0.59094;40.2;;
ARE;2002;0.586236;39.88;;
ARE;2003;0.600219;39.23;;
ARE;2004;0.615195;41.85;;
ARE;2005;0.6319;44.5;;
ARE;2006;0.56826;46.2;;
ARE;2007;0.57661;50.14;;
ARE;2008;0.907596;59.32;;
ARE;2009;0.992;64;;
ARE;2010;1.080504;62.82;;
ARE;2011;1.062512;60.37;;
ARE;2012;1.232523;64.53;;
ARE;2013;1.3358;66.79;;
ARE;2014;1.419886;73.19;;
ARE;2015;1.487787;73.29;;
URY;1990;0.045225;2.25;;
URY;1991;0.050996;2.44;;
URY;1992;0;2.7;;
URY;1993;0.025704;2.52;;
URY;1994;0.02352;2.4;;
URY;1995;0.022873;2.57;;
URY;1996;0.031808;2.84;;
URY;1997;0.042912;2.88;;
URY;1998;0.044992;2.96;;
URY;1999;0.05022;3.24;;
URY;2000;0.04944;3.09;;
URY;2001;0.041463;2.71;;
URY;2002;0.042418;2.54;;
URY;2003;0.050904;2.52;;
URY;2004;0.059409;2.87;;
URY;2005;0.058608;2.96;;
URY;2006;0.056604;3.18;;
URY;2007;0.044697;3.17;;
URY;2008;0.056025;4.15;;
URY;2009;0.046256;4.13;;
URY;2010;0.04499;4.09;;
URY;2011;0.045084;4.42;;
URY;2012;0.048256;4.64;;
URY;2013;0.04922;4.6;;
URY;2014;0.045962;4.69;;
URY;2015;0.048791;5.03;;
VNM;1990;0.16083;17.87;;
VNM;1991;0.173856;18.11;;
VNM;1992;0.21546;18.9;;
VNM;1993;0;20.51;;
VNM;1994;16.828452;20.52;;
VNM;1995;18.181834;21.89;;
VNM;1996;19.243697;23.11;;
VNM;1997;20.884544;24.91;;
VNM;1998;22.564308;26.54;;
VNM;1999;23.025061;27.31;;
VNM;2000;24.020892;28.74;;
VNM;2001;25.853275;30.65;;
VNM;2002;27.885616;33.44;;
VNM;2003;29.120234;35.11;;
VNM;2004;31.815108;38.97;;
VNM;2005;34.431375;41.25;;
VNM;2006;35.59134;42.27;;
VNM;2007;39.526668;45.48;;
VNM;2008;41.762304;48.64;;
VNM;2009;44.894066;53.06;;
VNM;2010;48.930646;58.91;;
VNM;2011;49.28557;59.06;;
VNM;2012;49.72704;59.84;;
VNM;2013;50.08189;61.7;;
VNM;2014;53.909218;66.86;;
VNM;2015;59.778;73.8;;
ZMB;1990;4.49318;5.42;;
ZMB;1991;4.561092;5.58;;
ZMB;1992;4.686255;5.67;;
ZMB;1993;4.613864;5.68;;
ZMB;1994;0;5.73;;
ZMB;1995;0.003498;5.83;;
ZMB;1996;0.012716;5.78;;
ZMB;1997;0.005427;6.03;;
ZMB;1998;0.001827;6.09;;
ZMB;1999;0.001228;6.14;;
ZMB;2000;0.002532;6.33;;
ZMB;2001;0.001962;6.54;;
ZMB;2002;0;6.74;;
ZMB;2003;0;6.96;;
ZMB;2004;0;7.17;;
ZMB;2005;0;7.41;;
ZMB;2006;0;7.58;;
ZMB;2007;0;7.6;;
ZMB;2008;0;7.88;;
ZMB;2009;0;8.09;;
ZMB;2010;0;8.42;;
ZMB;2011;0;8.87;;
ZMB;2012;0;9.33;;
ZMB;2013;0;9.65;;
ZMB;2014;0;10.03;;
ZMB;2015;0;10.24;;
WLD;1990;0;8774.03;;
WLD;1991;0;8833.46;;
WLD;1992;0;8841.05;;
WLD;1993;0;8930.43;;
WLD;1994;0;8993.79;;
WLD;1995;0;9227.65;;
WLD;1996;1091.471664;9458.16;;
WLD;1997;1224.306783;9557.43;;
WLD;1998;1534.358052;9601.74;;
WLD;1999;1988.118086;9808.18;;
WLD;2000;3632.974119;10027.53;;
WLD;2001;4081.164252;10137.02;;
WLD;2002;3967.95945;10346.7;;
WLD;2003;3896.96944;10705.96;;
WLD;2004;3479.72613;11188.83;;
WLD;2005;4994.067816;11499.12;;
WLD;2006;5651.417564;11842.87;;
WLD;2007;5716.265568;12159.68;;
WLD;2008;4493.081164;12303.07;;
WLD;2009;4915.115199;12193.29;;
WLD;2010;5682.168684;12873.06;;
WLD;2011;5598.744834;13059.82;;
WLD;2012;5636.084976;13267.62;;
WLD;2013;4997.894639;13431.59;;
WLD;2014;3765.744976;13604.57;;
WLD;2015;4174.730483;13647.37;;
SRB;1990;6.864993;19.71;;
SRB;1991;6.16132;16.72;;
SRB;1992;4.571655;15.45;;
SRB;1993;3.77652;13.2;;
SRB;1994;3.399277;12.11;;
SRB;1995;3.317874;13.79;;
SRB;1996;0;16.57;;
SRB;1997;2.314775;17.47;;
SRB;1998;2.469831;17.43;;
SRB;1999;2.046648;12.72;;
SRB;2000;2.86957;13.73;;
SRB;2001;3.672141;14.97;;
SRB;2002;4.349093;15.89;;
SRB;2003;4.456192;16.64;;
SRB;2004;5.338359;18.09;;
SRB;2005;5.23882;16.07;;
SRB;2006;5.39121;17.05;;
SRB;2007;5.154513;16.59;;
SRB;2008;5.330061;16.83;;
SRB;2009;4.705664;15.16;;
SRB;2010;4.754806;15.61;;
SRB;2011;5.298987;16.19;;
SRB;2012;4.74004;14.54;;
SRB;2013;4.546059;14.91;;
SRB;2014;3.890484;13.26;;
SRB;2015;4.432428;14.76;;
MNE;1990;0;;;
MNE;1991;0;;;
MNE;1992;0;;;
MNE;1993;0;;;
MNE;1994;0;;;
MNE;1995;0;;;
MNE;1996;0;;;
MNE;1997;0;;;
MNE;1998;0;;;
MNE;1999;0;;;
MNE;2000;0;;;
MNE;2001;0;;;
MNE;2002;0;;;
MNE;2003;0;;;
MNE;2004;0;;;
MNE;2005;0.039372;1.02;;
MNE;2006;0.042827;1.13;;
MNE;2007;0.033222;1.13;;
MNE;2008;0.042592;1.21;;
MNE;2009;0.03072;0.96;;
MNE;2010;0.044296;1.13;;
MNE;2011;0.05824;1.12;;
MNE;2012;0.053;1.06;;
MNE;2013;0.051254;0.98;;
MNE;2014;0.04752;0.96;;
MNE;2015;0.054742;1.01;;
EU28;1990;58.293534;1646.71;;
EU28;1991;47.963784;1648.24;;
EU28;1992;53.93232;1609.92;;
EU28;1993;53.88006;1608.36;;
EU28;1994;52.207596;1601.46;;
EU28;1995;60.17171;1648.54;;
EU28;1996;38.206112;1705.63;;
EU28;1997;42.9006;1689;;
EU28;1998;0;1698.56;;
EU28;1999;18.866848;1684.54;;
EU28;2000;18.64665;1695.15;;
EU28;2001;19.261719;1735.29;;
EU28;2002;18.558508;1734.44;;
EU28;2003;16.82621;1771.18;;
EU28;2004;15.907237;1787.33;;
EU28;2005;15.42582;1793.7;;
EU28;2006;15.484988;1800.58;;
EU28;2007;15.398478;1769.94;;
EU28;2008;15.86115;1762.35;;
EU28;2009;14.612664;1660.53;;
EU28;2010;15.193112;1726.49;;
EU28;2011;14.10796;1659.76;;
EU28;2012;13.831608;1646.62;;
EU28;2013;13.351814;1628.27;;
EU28;2014;13.161708;1566.87;;
EU28;2015;13.325424;1586.36;;
OECD;1990;41.7243;4535.25;;
OECD;1991;39.902637;4586.51;;
OECD;1992;37.532646;4633.66;;
OECD;1993;35.277375;4703.65;;
OECD;1994;54.531216;4783.44;;
OECD;1995;43.95672;4884.08;;
OECD;1996;39.734393;5029.67;;
OECD;1997;43.178215;5079.79;;
OECD;1998;44.847176;5096.27;;
OECD;1999;0;5188.02;;
OECD;2000;105.462836;5299.64;;
OECD;2001;97.402976;5293.64;;
OECD;2002;150.814945;5329.15;;
OECD;2003;272.080872;5398.43;;
OECD;2004;323.931152;5499.68;;
OECD;2005;313.10837;5531.95;;
OECD;2006;314.338563;5543.89;;
OECD;2007;339.78708;5570.28;;
OECD;2008;356.639129;5495.21;;
OECD;2009;413.258422;5251.06;;
OECD;2010;514.02329;5433.65;;
OECD;2011;470.20743;5331.15;;
OECD;2012;459.768782;5290.78;;
OECD;2013;455.663208;5310.76;;
OECD;2014;473.581852;5273.74;;
OECD;2015;523.84122;5259.45;;
G20;1990;753.874979;7065.37;;
G20;1991;723.725389;7102.31;;
G20;1992;763.051074;7111.38;;
G20;1993;865.9884;7216.57;;
G20;1994;1096.486404;7271.13;;
G20;1995;1079.563835;7471.03;;
G20;1996;1207.742792;7673.08;;
G20;1997;1341.95934;7712.41;;
G20;1998;1411.5645;7734.6;;
G20;1999;1549.49931;7897.55;;
G20;2000;0;8073.15;;
G20;2001;138.19351;8129.03;;
G20;2002;248.1867;8272.89;;
G20;2003;825.774932;8566.13;;
G20;2004;802.072048;8931.76;;
G20;2005;959.723127;9166.41;;
G20;2006;1018.165794;9418.74;;
G20;2007;887.095996;9652.84;;
G20;2008;998.925076;9717.17;;
G20;2009;881.308048;9642.32;;
G20;2010;1184.174741;10182.07;;
G20;2011;1272.000576;10324.68;;
G20;2012;916.727868;10464.93;;
G20;2013;941.04506;10573.54;;
G20;2014;1159.22418;10693.95;;
G20;2015;1209.139807;10709.83;;
AGO;1990;0.710892;5.88;;
AGO;1991;0.727216;6.02;;
AGO;1992;0.568428;6.06;;
AGO;1993;0.564927;6.27;;
AGO;1994;0.716772;6.36;;
AGO;1995;0.91567;6.35;;
AGO;1996;0.718092;6.54;;
AGO;1997;0.732796;6.68;;
AGO;1998;0.886446;6.66;;
AGO;1999;0.9184;7;;
AGO;2000;1.131706;7.19;;
AGO;2001;0;7.51;;
AGO;2002;0.793635;7.85;;
AGO;2003;0.705551;8.47;;
AGO;2004;0.65836;8.72;;
AGO;2005;0.601902;8.43;;
AGO;2006;0.703164;9.24;;
AGO;2007;0.686256;9.86;;
AGO;2008;0.646602;10.67;;
AGO;2009;0.5742;11.6;;
AGO;2010;0.658397;12.17;;
AGO;2011;0.740704;12.64;;
AGO;2012;0.697661;13.87;;
AGO;2013;0.669498;13.89;;
AGO;2014;0.642984;14.68;;
AGO;2015;0.60398;14.95;;
BHR;1990;0.201878;5.23;;
BHR;1991;0.178536;5.16;;
BHR;1992;0.204326;5.66;;
BHR;1993;0.198536;5.98;;
BHR;1994;0.208915;6.35;;
BHR;1995;0.214762;6.43;;
BHR;1996;0.200616;6.43;;
BHR;1997;0.22869;7.26;;
BHR;1998;0.247325;7.61;;
BHR;1999;0.243542;7.54;;
BHR;2000;0.268589;7.97;;
BHR;2001;0.301024;8.18;;
BHR;2002;0;8.5;;
BHR;2003;0;8.92;;
BHR;2004;0;9.04;;
BHR;2005;0;10.43;;
BHR;2006;0;11.33;;
BHR;2007;0;11.39;;
BHR;2008;0;12.72;;
BHR;2009;0;12.24;;
BHR;2010;0;12.71;;
BHR;2011;0;12.53;;
BHR;2012;0;12.61;;
BHR;2013;0;13.9;;
BHR;2014;0;14.07;;
BHR;2015;0.004281;14.27;;
BEN;1990;0.000664;1.66;;
BEN;1991;0.000845;1.69;;
BEN;1992;0.001038;1.73;;
BEN;1993;0.001416;1.77;;
BEN;1994;0.001629;1.81;;
BEN;1995;0.002035;1.85;;
BEN;1996;0.00258;2.15;;
BEN;1997;0.014941;2.23;;
BEN;1998;0.02178;2.2;;
BEN;1999;0.02944;2.3;;
BEN;2000;0.031878;1.98;;
BEN;2001;0.046631;2.11;;
BEN;2002;0.071868;2.26;;
BEN;2003;0;2.39;;
BEN;2004;0.021165;2.49;;
BEN;2005;0.028;2.5;;
BEN;2006;0.03658;2.95;;
BEN;2007;0.049755;3.21;;
BEN;2008;0.055432;3.28;;
BEN;2009;0.06536;3.44;;
BEN;2010;0.0851;3.7;;
BEN;2011;0.090266;3.73;;
BEN;2012;0.09588;3.76;;
BEN;2013;0.1164;4;;
BEN;2014;0.135256;4.24;;
BEN;2015;0.138624;4.56;;
BOL;1990;0.085869;2.61;;
BOL;1991;0.090384;2.69;;
BOL;1992;0.092055;2.85;;
BOL;1993;0.086925;3.05;;
BOL;1994;0.10854;3.35;;
BOL;1995;0.110544;3.76;;
BOL;1996;0.134865;4.05;;
BOL;1997;0.149499;4.41;;
BOL;1998;0.270276;4.46;;
BOL;1999;0.31536;4.38;;
BOL;2000;0.35843;4.91;;
BOL;2001;0.366338;3.82;;
BOL;2002;0.430978;4.58;;
BOL;2003;0.489804;4.76;;
BOL;2004;0;4.76;;
BOL;2005;0.116775;5.19;;
BOL;2006;0.13065;6.5;;
BOL;2007;0.12667;5.3;;
BOL;2008;0.149195;5.63;;
BOL;2009;0.176256;5.76;;
BOL;2010;0.19341;6.3;;
BOL;2011;0.243516;6.69;;
BOL;2012;0.294525;7.65;;
BOL;2013;0.297578;7.79;;
BOL;2014;0.314768;8.24;;
BOL;2015;0.456228;8.28;;
BWA;1990;0.07625;1.22;;
BWA;1991;0.080724;1.24;;
BWA;1992;0.095238;1.43;;
BWA;1993;0.092521;1.43;;
BWA;1994;0.079242;1.41;;
BWA;1995;0.07163;1.45;;
BWA;1996;0.070923;1.41;;
BWA;1997;0.074444;1.48;;
BWA;1998;0.081329;1.67;;
BWA;1999;0.080099;1.73;;
BWA;2000;0.07632;1.8;;
BWA;2001;0.05824;1.82;;
BWA;2002;0.05439;1.85;;
BWA;2003;0.055016;1.84;;
BWA;2004;0.057739;1.81;;
BWA;2005;0;1.87;;
BWA;2006;0.27792;1.93;;
BWA;2007;0.292928;1.99;;
BWA;2008;0.290969;2.11;;
BWA;2009;0.255312;1.97;;
BWA;2010;0.27133;2.15;;
BWA;2011;0.264339;2.07;;
BWA;2012;0.31772;2.35;;
BWA;2013;0.331824;2.48;;
BWA;2014;0.354144;2.72;;
BWA;2015;0.316336;2.72;;
CMR;1990;0.58017;4.98;;
CMR;1991;0.569396;5.03;;
CMR;1992;0.569468;5.08;;
CMR;1993;0.621732;5.26;;
CMR;1994;0.952544;5.44;;
CMR;1995;0.84485;5.54;;
CMR;1996;0.792099;5.67;;
CMR;1997;0.739928;5.84;;
CMR;1998;0.6786;6;;
CMR;1999;0.67397;6.05;;
CMR;2000;0.685897;6.31;;
CMR;2001;0.58377;6.38;;
CMR;2002;0.581662;6.74;;
CMR;2003;0.647724;7.01;;
CMR;2004;0.634794;7.23;;
CMR;2005;0.627401;7.27;;
CMR;2006;0;6.72;;
CMR;2007;5.97862;6.34;;
CMR;2008;6.05632;6.4;;
CMR;2009;6.490563;6.91;;
CMR;2010;6.500222;6.97;;
CMR;2011;6.512814;6.93;;
CMR;2012;6.582892;7.03;;
CMR;2013;6.255152;6.68;;
CMR;2014;6.99375;7.5;;
CMR;2015;7.911524;7.79;;
COG;1990;0.808881;0.79;;
COG;1991;0.82861;0.82;;
COG;1992;0.808299;0.81;;
COG;1993;0.829594;0.82;;
COG;1994;0.66913;0.7;;
COG;1995;0.75568;0.8;;
COG;1996;0.732868;0.76;;
COG;1997;0.705764;0.73;;
COG;1998;0.702406;0.73;;
COG;1999;0.679967;0.71;;
COG;2000;0.683304;0.71;;
COG;2001;0.7608;0.8;;
COG;2002;0.75024;0.8;;
COG;2003;0.88293;0.95;;
COG;2004;0.9148;1;;
COG;2005;0.972934;1.09;;
COG;2006;1.17647;1.42;;
COG;2007;0;1.26;;
COG;2008;1.153305;1.35;;
COG;2009;1.312696;1.54;;
COG;2010;1.447992;1.68;;
COG;2011;1.831945;2.23;;
COG;2012;2.048768;2.56;;
COG;2013;2.065865;2.63;;
COG;2014;2.037198;2.63;;
COG;2015;2.053786;2.66;;
CRI;1990;1.276296;1.68;;
CRI;1991;1.316488;1.78;;
CRI;1992;1.67463;2.3;;
CRI;1993;1.786824;2.34;;
CRI;1994;1.753521;2.31;;
CRI;1995;1.719496;2.36;;
CRI;1996;1.652364;2.37;;
CRI;1997;1.686;2.4;;
CRI;1998;1.660764;2.38;;
CRI;1999;1.781562;2.63;;
CRI;2000;2.034543;2.87;;
CRI;2001;2.196689;2.89;;
CRI;2002;2.370592;3.04;;
CRI;2003;2.550298;3.26;;
CRI;2004;2.780982;3.87;;
CRI;2005;2.632761;3.87;;
CRI;2006;2.45366;4.18;;
CRI;2007;2.483657;4.51;;
CRI;2008;0;4.59;;
CRI;2009;0;4.56;;
CRI;2010;1.92231;4.65;;
CRI;2011;1.75398;4.65;;
CRI;2012;1.591645;4.73;;
CRI;2013;1.401624;4.86;;
CRI;2014;1.537174;4.93;;
CRI;2015;1.343425;4.93;;
CIV;1990;1.094895;4.35;;
CIV;1991;1.244001;4.47;;
CIV;1992;1.45424;4.88;;
CIV;1993;1.619535;5.05;;
CIV;1994;1.34937;5.17;;
CIV;1995;1.55633;5.15;;
CIV;1996;1.68489;5.79;;
CIV;1997;1.533645;5.91;;
CIV;1998;1.535523;5.89;;
CIV;1999;1.775778;7.03;;
CIV;2000;1.662871;6.79;;
CIV;2001;1.369994;6.53;;
CIV;2002;1.470686;6.98;;
CIV;2003;1.2903;6.6;;
CIV;2004;1.91115;9.3;;
CIV;2005;2.042326;9.62;;
CIV;2006;1.822942;9.46;;
CIV;2007;2.029892;10.18;;
CIV;2008;2.013264;10.23;;
CIV;2009;0;9.38;;
CIV;2010;9.654032;10.16;;
CIV;2011;10.954495;11.65;;
CIV;2012;11.829258;12.63;;
CIV;2013;12.614019;13.53;;
CIV;2014;12.767335;13.87;;
CIV;2015;11.871508;12.98;;
CUB;1990;15.888366;17.41;;
CUB;1991;12.98448;14.4;;
CUB;1992;11.341594;12.62;;
CUB;1993;9.205636;10.54;;
CUB;1994;9.548112;10.86;;
CUB;1995;9.50793;10.86;;
CUB;1996;10.659768;11.86;;
CUB;1997;10.903955;12.19;;
CUB;1998;10.297414;11.42;;
CUB;1999;10.595772;11.88;;
CUB;2000;11.584482;12.74;;
CUB;2001;11.32662;12.44;;
CUB;2002;10.42144;11.6;;
CUB;2003;10.209438;11.54;;
CUB;2004;9.795552;11.28;;
CUB;2005;9.219947;10.67;;
CUB;2006;8.96091;10.65;;
CUB;2007;8.650434;10.14;;
CUB;2008;8.989719;10.77;;
CUB;2009;9.592387;11.41;;
CUB;2010;0;12.34;;
CUB;2011;8.171118;11.61;;
CUB;2012;8.522492;11.99;;
CUB;2013;7.78275;11.53;;
CUB;2014;7.861808;11.68;;
CUB;2015;7.81322;12.05;;
PRK;1990;20.818974;33.22;;
PRK;1991;19.72057;31.7;;
PRK;1992;16.767321;27.71;;
PRK;1993;14.304988;25.49;;
PRK;1994;12.344976;23.31;;
PRK;1995;11.779082;21.98;;
PRK;1996;9.980079;19.33;;
PRK;1997;9.808848;18.41;;
PRK;1998;8.919856;17.18;;
PRK;1999;9.657886;18.41;;
PRK;2000;10.266232;19.72;;
PRK;2001;10.547586;20.37;;
PRK;2002;9.910248;19.57;;
PRK;2003;10.69602;20.03;;
PRK;2004;10.79735;20.5;;
PRK;2005;11.350746;21.34;;
PRK;2006;11.096095;21.55;;
PRK;2007;10.376277;18.31;;
PRK;2008;12.489264;20.17;;
PRK;2009;9.390504;15.63;;
PRK;2010;8.32944;14.8;;
PRK;2011;0;11.11;;
PRK;2012;0;11.49;;
PRK;2013;0;8.79;;
PRK;2014;0;9.61;;
PRK;2015;0;7.84;;
COD;1990;0;11.8;;
COD;1991;0;11.81;;
COD;1992;0;12.03;;
COD;1993;0;12.27;;
COD;1994;0;12.31;;
COD;1995;0;12.84;;
COD;1996;11.205188;13.27;;
COD;1997;11.475394;13.51;;
COD;1998;11.703104;13.84;;
COD;1999;11.607803;13.87;;
COD;2000;11.463231;13.91;;
COD;2001;12.11391;14.37;;
COD;2002;12.574072;14.87;;
COD;2003;12.908738;15.43;;
COD;2004;13.260268;16.04;;
COD;2005;13.404636;16.66;;
COD;2006;13.275262;17.29;;
COD;2007;13.013504;17.92;;
COD;2008;12.485044;18.59;;
COD;2009;13.727208;19.14;;
COD;2010;14.512335;19.85;;
COD;2011;15.740436;21.08;;
COD;2012;0;26.15;;
COD;2013;21.841104;27.48;;
COD;2014;22.427448;28.72;;
COD;2015;22.294413;28.89;;
DOM;1990;3.126196;4.01;;
DOM;1991;3.320072;4.04;;
DOM;1992;3.693025;4.49;;
DOM;1993;3.530895;4.35;;
DOM;1994;4.03192;4.99;;
DOM;1995;4.330336;5.24;;
DOM;1996;4.497434;5.47;;
DOM;1997;4.982705;6.11;;
DOM;1998;5.12704;6.4;;
DOM;1999;5.360032;6.68;;
DOM;2000;5.684;7.25;;
DOM;2001;5.556926;7.06;;
DOM;2002;5.968746;7.62;;
DOM;2003;5.56479;6.93;;
DOM;2004;5.397855;6.55;;
DOM;2005;5.74998;7.05;;
DOM;2006;6.05808;7.2;;
DOM;2007;6.095592;7.44;;
DOM;2008;5.899797;7.29;;
DOM;2009;5.726715;7.05;;
DOM;2010;6.03174;7.41;;
DOM;2011;6.17171;7.61;;
DOM;2012;6.36768;7.92;;
DOM;2013;0;7.76;;
DOM;2014;0;7.6;;
DOM;2015;0;8.24;;
ECU;1990;0;6.33;;
ECU;1991;0;6.65;;
ECU;1992;0;6.74;;
ECU;1993;0;6.28;;
ECU;1994;0;6.72;;
ECU;1995;0;7.87;;
ECU;1996;0;8.29;;
ECU;1997;0;8.61;;
ECU;1998;0;8.84;;
ECU;1999;0;7.96;;
ECU;2000;0;8.82;;
ECU;2001;0;9.36;;
ECU;2002;0;9.13;;
ECU;2003;0;9.27;;
ECU;2004;0;8.95;;
ECU;2005;0;9.34;;
ECU;2006;0;9.38;;
ECU;2007;0;10.61;;
ECU;2008;0;9.78;;
ECU;2009;0;11.64;;
ECU;2010;0;11.77;;
ECU;2011;0;12.46;;
ECU;2012;0;12.3;;
ECU;2013;0;13.26;;
ECU;2014;0;14.18;;
ECU;2015;7.099284;15.06;;
SLV;1990;1.172509;2.47;;
SLV;1991;1.250123;2.71;;
SLV;1992;1.268689;2.83;;
SLV;1993;1.333252;2.98;;
SLV;1994;1.387872;3.16;;
SLV;1995;1.425984;3.36;;
SLV;1996;1.357509;3.21;;
SLV;1997;1.5052;3.55;;
SLV;1998;1.482995;3.65;;
SLV;1999;1.520169;3.79;;
SLV;2000;1.607453;3.97;;
SLV;2001;1.711875;4.15;;
SLV;2002;1.727109;4.23;;
SLV;2003;1.708772;4.42;;
SLV;2004;1.689366;4.38;;
SLV;2005;1.706133;4.51;;
SLV;2006;1.711314;4.73;;
SLV;2007;1.658149;4.43;;
SLV;2008;1.689138;4.49;;
SLV;2009;1.627746;4.26;;
SLV;2010;1.66988;4.36;;
SLV;2011;1.712308;4.42;;
SLV;2012;1.641663;4.23;;
SLV;2013;1.517397;3.99;;
SLV;2014;1.551077;4.07;;
SLV;2015;0;4.32;;
ERI;1990;0;;;
ERI;1991;0;;;
ERI;1992;0.29788;0.88;;
ERI;1993;0.32614;0.92;;
ERI;1994;0.314165;0.95;;
ERI;1995;0.3026;1;;
ERI;1996;0.34503;1.05;;
ERI;1997;0.329992;1.04;;
ERI;1998;0.17;0.68;;
ERI;1999;0.20153;0.7;;
ERI;2000;0.208811;0.71;;
ERI;2001;0.183372;0.74;;
ERI;2002;0.221625;0.75;;
ERI;2003;0.22152;0.8;;
ERI;2004;0.226218;0.74;;
ERI;2005;0.201324;0.76;;
ERI;2006;0.17664;0.69;;
ERI;2007;0.175968;0.72;;
ERI;2008;0.194836;0.67;;
ERI;2009;0.179928;0.72;;
ERI;2010;0.137418;0.74;;
ERI;2011;0.130872;0.76;;
ERI;2012;0.152334;0.78;;
ERI;2013;0.16072;0.8;;
ERI;2014;0.15662;0.82;;
ERI;2015;0.179265;0.85;;
GAB;1990;0;1.18;;
GAB;1991;1.812432;1.22;;
GAB;1992;1.99212;1.3;;
GAB;1993;1.975194;1.38;;
GAB;1994;1.794864;1.22;;
GAB;1995;2.006382;1.34;;
GAB;1996;2.1469;1.4;;
GAB;1997;2.240772;1.41;;
GAB;1998;2.40765;1.5;;
GAB;1999;2.324758;1.46;;
GAB;2000;2.40786;1.47;;
GAB;2001;2.80529;1.58;;
GAB;2002;3.000228;1.91;;
GAB;2003;3.627456;2.24;;
GAB;2004;4.34226;2.6;;
GAB;2005;4.9668;3;;
GAB;2006;5.614518;3.38;;
GAB;2007;6.250248;3.76;;
GAB;2008;6.687756;4.14;;
GAB;2009;7.224316;4.52;;
GAB;2010;7.911592;5.08;;
GAB;2011;5.916408;4.08;;
GAB;2012;5.332331;3.61;;
GAB;2013;7.810667;5.27;;
GAB;2014;7.4415;5;;
GAB;2015;6.854133;5.07;;
GTM;1990;5.734764;4.41;;
GTM;1991;0;4.54;;
GTM;1992;1.755216;4.78;;
GTM;1993;1.781595;4.77;;
GTM;1994;1.79716;5.02;;
GTM;1995;1.831676;5.32;;
GTM;1996;1.840108;5.47;;
GTM;1997;1.794936;5.72;;
GTM;1998;1.8971;6.22;;
GTM;1999;2.146392;6.84;;
GTM;2000;2.128192;7.04;;
GTM;2001;2.07072;7.19;;
GTM;2002;2.181525;7.25;;
GTM;2003;2.443485;7.53;;
GTM;2004;2.52976;7.76;;
GTM;2005;2.6091;7.8;;
GTM;2006;2.3958;7.92;;
GTM;2007;2.420244;8.51;;
GTM;2008;2.53368;8.16;;
GTM;2009;2.774304;9.36;;
GTM;2010;2.387517;10.19;;
GTM;2011;2.90267;10.9;;
GTM;2012;2.760858;11.07;;
GTM;2013;2.860704;12.04;;
GTM;2014;2.823792;13.22;;
GTM;2015;2.714391;12.69;;
HND;1990;0.487424;2.38;;
HND;1991;0.48576;2.4;;
HND;1992;0;2.5;;
HND;1993;1.457152;2.56;;
HND;1994;1.482152;2.66;;
HND;1995;1.459914;2.82;;
HND;1996;1.440732;2.84;;
HND;1997;1.49513;3.1;;
HND;1998;1.486179;3.33;;
HND;1999;1.275164;2.92;;
HND;2000;1.264172;2.99;;
HND;2001;1.423784;3.23;;
HND;2002;1.571808;3.36;;
HND;2003;1.712945;3.65;;
HND;2004;1.79601;3.93;;
HND;2005;1.813743;4.11;;
HND;2006;1.706922;3.99;;
HND;2007;2.045778;4.69;;
HND;2008;1.961835;4.65;;
HND;2009;1.954372;4.46;;
HND;2010;1.948488;4.56;;
HND;2011;2.143922;5.06;;
HND;2012;2.239488;5.12;;
HND;2013;2.07376;5.2;;
HND;2014;2.14535;5.35;;
HND;2015;2.3004;5.68;;
IRQ;1990;7.729428;20.04;;
IRQ;1991;6.013728;15.96;;
IRQ;1992;8.616214;23.71;;
IRQ;1993;0;30.86;;
IRQ;1994;0;34.96;;
IRQ;1995;0;33.58;;
IRQ;1996;0;33.62;;
IRQ;1997;0;40.01;;
IRQ;1998;0;28.54;;
IRQ;1999;0;22.06;;
IRQ;2000;0;25.96;;
IRQ;2001;0;29.03;;
IRQ;2002;0;27.6;;
IRQ;2003;0;25.36;;
IRQ;2004;0;26.1;;
IRQ;2005;0;26.43;;
IRQ;2006;0;24.94;;
IRQ;2007;0;25.38;;
IRQ;2008;0;27.49;;
IRQ;2009;0;32.94;;
IRQ;2010;0;37.51;;
IRQ;2011;0;41.04;;
IRQ;2012;0;45.83;;
IRQ;2013;0;49.38;;
IRQ;2014;0;49.49;;
IRQ;2015;0;47.86;;
JAM;1990;0;2.78;;
JAM;1991;0;2.8;;
JAM;1992;0;2.94;;
JAM;1993;0;2.95;;
JAM;1994;0;3.01;;
JAM;1995;0.08128;3.2;;
JAM;1996;0.129408;3.37;;
JAM;1997;0.129408;3.37;;
JAM;1998;0.173394;3.51;;
JAM;1999;0.19008;3.6;;
JAM;2000;0.2286;3.81;;
JAM;2001;0.308315;3.83;;
JAM;2002;0.386631;3.57;;
JAM;2003;0.421104;3.72;;
JAM;2004;0.455712;3.76;;
JAM;2005;0.413665;3.71;;
JAM;2006;0.38688;4.16;;
JAM;2007;0.410894;4.18;;
JAM;2008;0.356224;3.52;;
JAM;2009;0.35636;3.02;;
JAM;2010;0.34176;2.67;;
JAM;2011;0.341145;2.85;;
JAM;2012;0.330738;2.77;;
JAM;2013;0.388224;2.88;;
JAM;2014;0.42431;2.81;;
JAM;2015;0.48517;2.9;;
JOR;1990;0.462705;3.27;;
JOR;1991;0.502944;3.38;;
JOR;1992;0.6612;3.8;;
JOR;1993;0.73138;3.77;;
JOR;1994;0.756288;4.04;;
JOR;1995;0;4.3;;
JOR;1996;0.132741;4.41;;
JOR;1997;0.134398;4.51;;
JOR;1998;0.149586;4.66;;
JOR;1999;0.15624;4.65;;
JOR;2000;0.163145;4.87;;
JOR;2001;0.16147;4.82;;
JOR;2002;0.148764;5.06;;
JOR;2003;0.1551;5.17;;
JOR;2004;0.184112;6.22;;
JOR;2005;0.206412;6.68;;
JOR;2006;0.20002;6.85;;
JOR;2007;0.2163;7.21;;
JOR;2008;0.200788;7.07;;
JOR;2009;0.199182;7.46;;
JOR;2010;0.20732;7.1;;
JOR;2011;0.202909;7.07;;
JOR;2012;0.220585;7.85;;
JOR;2013;0.222624;7.73;;
JOR;2014;0.211044;8.18;;
JOR;2015;0.243946;8.62;;
KEN;1990;0.275247;10.71;;
KEN;1991;0.268386;10.91;;
KEN;1992;0.26992;11.2;;
KEN;1993;0.29848;11.48;;
KEN;1994;0.287928;11.61;;
KEN;1995;0.29792;12.16;;
KEN;1996;0;12.6;;
KEN;1997;0.002552;12.76;;
KEN;1998;0.002646;13.23;;
KEN;1999;0.001352;13.52;;
KEN;2000;0.0014;14;;
KEN;2001;0.002838;14.19;;
KEN;2002;0.001439;14.39;;
KEN;2003;0;14.7;;
KEN;2004;0;15.45;;
KEN;2005;0;16.04;;
KEN;2006;0;16.77;;
KEN;2007;0;17.13;;
KEN;2008;0.001772;17.72;;
KEN;2009;0;18.72;;
KEN;2010;0;19.56;;
KEN;2011;0;19.99;;
KEN;2012;0;20.2;;
KEN;2013;0;21.36;;
KEN;2014;0;23.68;;
KEN;2015;0;25.1;;
KWT;1990;0;9.11;;
KWT;1991;0;2.69;;
KWT;1992;0;8.82;;
KWT;1993;0;12.3;;
KWT;1994;0;14.43;;
KWT;1995;0;14.79;;
KWT;1996;0;14.55;;
KWT;1997;0;14.69;;
KWT;1998;9.526646;16.79;;
KWT;1999;10.381322;18.02;;
KWT;2000;10.219248;18.72;;
KWT;2001;11.020968;19.98;;
KWT;2002;11.496238;20.54;;
KWT;2003;11.90265;21.9;;
KWT;2004;12.755346;23.37;;
KWT;2005;13.910004;26.28;;
KWT;2006;13.22773;25.66;;
KWT;2007;13.206154;26.26;;
KWT;2008;13.935834;28.71;;
KWT;2009;14.370075;31.41;;
KWT;2010;14.838416;32.09;;
KWT;2011;14.683235;31.01;;
KWT;2012;15.11477;34.43;;
KWT;2013;14.670592;33.71;;
KWT;2014;14.295963;31.79;;
KWT;2015;15.942465;34.65;;
KGZ;1990;3.455886;7.49;;
KGZ;1991;3.744685;6.79;;
KGZ;1992;2.654838;4.98;;
KGZ;1993;2.006208;3.87;;
KGZ;1994;1.491534;2.79;;
KGZ;1995;1.127644;2.38;;
KGZ;1996;1.283676;2.76;;
KGZ;1997;1.185702;2.59;;
KGZ;1998;0;2.76;;
KGZ;1999;0.00723;2.41;;
KGZ;2000;0.017864;2.32;;
KGZ;2001;0.014688;2.16;;
KGZ;2002;0.013552;2.42;;
KGZ;2003;0.011868;2.58;;
KGZ;2004;0.013716;2.54;;
KGZ;2005;0.013107;2.57;;
KGZ;2006;0.011638;2.53;;
KGZ;2007;0.015045;2.95;;
KGZ;2008;0.017696;3.16;;
KGZ;2009;0.015552;2.88;;
KGZ;2010;0.0253;2.75;;
KGZ;2011;0.030452;3.31;;
KGZ;2012;0.03304;4.13;;
KGZ;2013;0.02528;3.95;;
KGZ;2014;0.037219;4.09;;
KGZ;2015;0.03383;3.98;;
LBN;1990;0.01833;1.95;;
LBN;1991;0.021296;2.42;;
LBN;1992;0.025235;2.45;;
LBN;1993;0.040716;3.51;;
LBN;1994;0.044275;3.85;;
LBN;1995;0.053361;4.41;;
LBN;1996;0.063705;4.65;;
LBN;1997;0.07455;5.25;;
LBN;1998;0.075852;5.16;;
LBN;1999;0;5.4;;
LBN;2000;0.447792;4.91;;
LBN;2001;0.54704;5.26;;
LBN;2002;0.567978;5.23;;
LBN;2003;0.507833;5.23;;
LBN;2004;0.522123;5.29;;
LBN;2005;0.450576;5.04;;
LBN;2006;0.438285;4.79;;
LBN;2007;0.340092;4.23;;
LBN;2008;0.471324;5.43;;
LBN;2009;0.571235;6.65;;
LBN;2010;0.783464;6.38;;
LBN;2011;0.732155;6.35;;
LBN;2012;0.750699;7.17;;
LBN;2013;0.730331;7.07;;
LBN;2014;0.864;7.5;;
LBN;2015;0.810604;7.64;;
LBY;1990;1.173967;11.17;;
LBY;1991;1.136399;11.33;;
LBY;1992;1.2397;11.27;;
LBY;1993;1.76787;11.7;;
LBY;1994;2.022451;13.21;;
LBY;1995;1.983782;13.99;;
LBY;1996;2.255748;14.86;;
LBY;1997;2.58663;15.1;;
LBY;1998;2.762903;15.29;;
LBY;1999;2.424864;15.08;;
LBY;2000;2.651525;15.83;;
LBY;2001;1.882174;16.31;;
LBY;2002;1.928352;16.96;;
LBY;2003;2.13937;17.45;;
LBY;2004;2.077452;17.94;;
LBY;2005;2.04355;17.77;;
LBY;2006;1.992873;17.97;;
LBY;2007;1.85481;16.71;;
LBY;2008;1.96512;17.8;;
LBY;2009;2.17511;19.3;;
LBY;2010;2.356452;20.78;;
LBY;2011;1.597623;13.69;;
LBY;2012;2.01135;17.25;;
LBY;2013;2.340846;19.41;;
LBY;2014;2.01931;17.87;;
LBY;2015;1.812975;17.25;;
MNG;1990;0.364529;3.41;;
MNG;1991;0.420964;3.82;;
MNG;1992;0.344354;3.34;;
MNG;1993;0.30264;3.12;;
MNG;1994;0.27162;2.7;;
MNG;1995;0.281912;2.69;;
MNG;1996;0.240166;2.27;;
MNG;1997;0.243534;2.22;;
MNG;1998;0.249536;2.24;;
MNG;1999;0.24416;2.24;;
MNG;2000;0.27624;2.4;;
MNG;2001;0;2.41;;
MNG;2002;1.965551;2.59;;
MNG;2003;1.894211;2.53;;
MNG;2004;1.9552;2.6;;
MNG;2005;2.1057;3;;
MNG;2006;2.32903;3.41;;
MNG;2007;2.389758;3.57;;
MNG;2008;2.23571;3.58;;
MNG;2009;2.318304;3.72;;
MNG;2010;2.406158;3.94;;
MNG;2011;2.592896;4.31;;
MNG;2012;2.552704;4.48;;
MNG;2013;2.905632;5.13;;
MNG;2014;2.925648;5.28;;
MNG;2015;2.649322;4.94;;
MAR;1990;4.13004;7.62;;
MAR;1991;4.382271;8.01;;
MAR;1992;4.796288;8.48;;
MAR;1993;4.80568;8.8;;
MAR;1994;5.194188;9.42;;
MAR;1995;5.271496;9.34;;
MAR;1996;5.582871;9.81;;
MAR;1997;5.177392;10.12;;
MAR;1998;5.432339;10.31;;
MAR;1999;5.932648;10.96;;
MAR;2000;5.464818;11.02;;
MAR;2001;5.4896;11.68;;
MAR;2002;0;11.87;;
MAR;2003;9.75741;11.82;;
MAR;2004;11.807544;14.07;;
MAR;2005;12.68884;14.9;;
MAR;2006;13.46532;15.15;;
MAR;2007;13.480875;15.63;;
MAR;2008;14.099568;16.24;;
MAR;2009;14.229405;16.35;;
MAR;2010;14.712985;17.15;;
MAR;2011;15.793008;18.48;;
MAR;2012;14.536618;18.74;;
MAR;2013;15.513326;18.82;;
MAR;2014;15.96771;19.05;;
MAR;2015;15.682632;19.39;;
MMR;1990;8.697792;10.68;;
MMR;1991;8.3706;10.5;;
MMR;1992;8.305527;10.83;;
MMR;1993;7.762872;10.74;;
MMR;1994;7.88551;11.42;;
MMR;1995;7.941044;11.81;;
MMR;1996;8.017191;11.83;;
MMR;1997;8.331576;12.08;;
MMR;1998;8.741604;12.41;;
MMR;1999;8.362665;12.45;;
MMR;2000;8.806956;12.84;;
MMR;2001;8.559804;12.54;;
MMR;2002;8.606736;12.96;;
MMR;2003;0;14.06;;
MMR;2004;0.333802;14.77;;
MMR;2005;0.305532;14.76;;
MMR;2006;0.317583;14.91;;
MMR;2007;0.32032;15.4;;
MMR;2008;0.289492;14.77;;
MMR;2009;0.252798;13.89;;
MMR;2010;0.2366;13.52;;
MMR;2011;0.22671;13.74;;
MMR;2012;0.229347;14.99;;
MMR;2013;0.247535;15.97;;
MMR;2014;0.338916;18.52;;
MMR;2015;0.372804;19.83;;
NAM;1990;0;;;
NAM;1991;0.010143;0.69;;
NAM;1992;0.015614;0.74;;
NAM;1993;0.01456;0.8;;
NAM;1994;0.01376;0.86;;
NAM;1995;0.01269;0.94;;
NAM;1996;0.011009;1.01;;
NAM;1997;0.008034;1.03;;
NAM;1998;0.011448;1.08;;
NAM;1999;0.015729;1.07;;
NAM;2000;0.018972;1.02;;
NAM;2001;0.027467;1.21;;
NAM;2002;0.021504;1.12;;
NAM;2003;0.004797;1.17;;
NAM;2004;0;1.22;;
NAM;2005;0.015827;1.33;;
NAM;2006;0.009177;1.33;;
NAM;2007;0.015207;1.37;;
NAM;2008;0.009928;1.46;;
NAM;2009;0.011692;1.48;;
NAM;2010;0.011242;1.54;;
NAM;2011;0.010971;1.59;;
NAM;2012;0.016335;1.65;;
NAM;2013;0.018966;1.74;;
NAM;2014;0.017919;1.81;;
NAM;2015;0.018887;1.87;;
NPL;1990;0.061953;5.79;;
NPL;1991;0.049634;5.98;;
NPL;1992;0.056916;6.12;;
NPL;1993;0.064056;6.28;;
NPL;1994;0.070308;6.51;;
NPL;1995;0.074481;6.71;;
NPL;1996;0.08244;6.87;;
NPL;1997;0.08449;7.1;;
NPL;1998;0.085904;7.28;;
NPL;1999;0.09216;7.68;;
NPL;2000;0.12165;8.11;;
NPL;2001;0.138105;8.37;;
NPL;2002;0.136367;8.47;;
NPL;2003;0.13065;8.71;;
NPL;2004;0.15011;8.83;;
NPL;2005;0;9.13;;
NPL;2006;2.440449;9.13;;
NPL;2007;2.589111;9.31;;
NPL;2008;3.183678;9.63;;
NPL;2009;4.501696;9.92;;
NPL;2010;5.890149;10.21;;
NPL;2011;5.962537;10.57;;
NPL;2012;5.99435;10.1;;
NPL;2013;6.185484;11.23;;
NPL;2014;6.303396;11.66;;
NPL;2015;6.928663;11.69;;
NIC;1990;1.133826;2.02;;
NIC;1991;1.232854;2.14;;
NIC;1992;1.35473;2.21;;
NIC;1993;1.405509;2.17;;
NIC;1994;1.31824;2.2;;
NIC;1995;1.40911;2.26;;
NIC;1996;1.36919;2.3;;
NIC;1997;1.375387;2.41;;
NIC;1998;1.339954;2.42;;
NIC;1999;1.578336;2.46;;
NIC;2000;1.633464;2.52;;
NIC;2001;1.621536;2.54;;
NIC;2002;1.599303;2.63;;
NIC;2003;1.739892;2.69;;
NIC;2004;1.53549;2.82;;
NIC;2005;1.53868;2.86;;
NIC;2006;0;2.83;;
NIC;2007;2.68128;2.88;;
NIC;2008;2.713575;2.91;;
NIC;2009;2.75127;2.93;;
NIC;2010;2.763456;2.96;;
NIC;2011;2.858958;3.06;;
NIC;2012;2.995216;3.29;;
NIC;2013;3.135456;3.42;;
NIC;2014;3.331308;3.61;;
NIC;2015;3.651158;3.91;;
NER;1990;0;;;
NER;1991;0;;;
NER;1992;0;;;
NER;1993;0;;;
NER;1994;0;;;
NER;1995;0;;;
NER;1996;0;;;
NER;1997;0;;;
NER;1998;0;;;
NER;1999;0;;;
NER;2000;1.332996;1.47;;
NER;2001;1.349487;1.51;;
NER;2002;1.37218;1.57;;
NER;2003;1.395148;1.64;;
NER;2004;1.46372;1.72;;
NER;2005;1.48088;1.73;;
NER;2006;1.506948;1.78;;
NER;2007;0;1.86;;
NER;2008;0.702585;1.95;;
NER;2009;0.71688;2.06;;
NER;2010;0.737238;2.23;;
NER;2011;0.549315;1.95;;
NER;2012;0.56902;2.3;;
NER;2013;0.684398;2.86;;
NER;2014;0.642528;2.91;;
NER;2015;0.624264;2.96;;
OMN;1990;0.896328;4.22;;
OMN;1991;1.22932;5.84;;
OMN;1992;1.142778;5.46;;
OMN;1993;1.09705;5.93;;
OMN;1994;1.075724;6.04;;
OMN;1995;1.08336;6.1;;
OMN;1996;1.107909;6.27;;
OMN;1997;1.203764;6.74;;
OMN;1998;1.226274;6.79;;
OMN;1999;1.306624;7.04;;
OMN;2000;1.46101;7.57;;
OMN;2001;1.52064;7.68;;
OMN;2002;1.580913;8.07;;
OMN;2003;1.61626;8.44;;
OMN;2004;1.679472;8.72;;
OMN;2005;1.845242;9.91;;
OMN;2006;3.01852;15.44;;
OMN;2007;3.39309;17.7;;
OMN;2008;0;15.65;;
OMN;2009;13.20179;15.82;;
OMN;2010;16.11792;18.72;;
OMN;2011;19.573493;22.01;;
OMN;2012;22.124349;23.67;;
OMN;2013;21.03423;24.43;;
OMN;2014;21.079512;24.33;;
OMN;2015;20.555262;25.38;;
PAN;1990;1.274844;1.49;;
PAN;1991;1.360152;1.62;;
PAN;1992;1.497392;1.84;;
PAN;1993;1.563507;1.87;;
PAN;1994;1.687699;1.97;;
PAN;1995;1.698;2;;
PAN;1996;1.756185;2.13;;
PAN;1997;1.85259;2.22;;
PAN;1998;2.167795;2.57;;
PAN;1999;2.18821;2.54;;
PAN;2000;2.195037;2.57;;
PAN;2001;2.428977;2.91;;
PAN;2002;1.95835;2.65;;
PAN;2003;2.01453;2.65;;
PAN;2004;2.029275;2.61;;
PAN;2005;2.332074;2.91;;
PAN;2006;2.487067;3.11;;
PAN;2007;2.426885;3.05;;
PAN;2008;2.413728;3.06;;
PAN;2009;0;3.37;;
PAN;2010;0.03971;3.61;;
PAN;2011;0.038416;3.92;;
PAN;2012;0.03636;4.04;;
PAN;2013;0.035333;3.97;;
PAN;2014;0.040837;4.21;;
PAN;2015;0.029394;4.26;;
QAT;1990;0.03918;6.53;;
QAT;1991;0.048374;7.22;;
QAT;1992;0.043035;7.55;;
QAT;1993;0.039984;7.84;;
QAT;1994;0.017292;7.86;;
QAT;1995;0.01467;8.15;;
QAT;1996;0.032005;8.65;;
QAT;1997;0.029493;10.17;;
QAT;1998;0.029876;10.67;;
QAT;1999;0.0283;11.32;;
QAT;2000;0.018564;10.92;;
QAT;2001;0.016898;12.07;;
QAT;2002;0.01911;13.65;;
QAT;2003;0.019782;14.13;;
QAT;2004;0.011662;16.66;;
QAT;2005;0.011662;16.66;;
QAT;2006;0.013713;19.59;;
QAT;2007;0.015498;22.14;;
QAT;2008;0.015925;22.75;;
QAT;2009;0.016961;24.23;;
QAT;2010;0;27.64;;
QAT;2011;4.061442;31.29;;
QAT;2012;5.149768;38.09;;
QAT;2013;4.973922;40.34;;
QAT;2014;5.72631;44.39;;
QAT;2015;5.685795;45.45;;
SEN;1990;0.219362;1.69;;
SEN;1991;0.218102;1.67;;
SEN;1992;0.235316;1.78;;
SEN;1993;0.22479;1.77;;
SEN;1994;0.225808;1.76;;
SEN;1995;0.239568;1.86;;
SEN;1996;0.241997;1.91;;
SEN;1997;0.263697;2.03;;
SEN;1998;0.282908;2.14;;
SEN;1999;0.29205;2.25;;
SEN;2000;0.32832;2.4;;
SEN;2001;0.347319;2.59;;
SEN;2002;0.352683;2.63;;
SEN;2003;0.340736;2.56;;
SEN;2004;0.3836;2.74;;
SEN;2005;0.298809;2.79;;
SEN;2006;0.31612;2.8;;
SEN;2007;0.3318;3;;
SEN;2008;0.345865;3.13;;
SEN;2009;0.415856;3.76;;
SEN;2010;0.410193;3.83;;
SEN;2011;0;4.06;;
SEN;2012;0.013668;4.02;;
SEN;2013;0.01484;3.71;;
SEN;2014;0;3.9;;
SEN;2015;0;4.09;;
LKA;1990;0;5.52;;
LKA;1991;0;5.6;;
LKA;1992;0;5.75;;
LKA;1993;0;6.06;;
LKA;1994;0.004074;5.82;;
LKA;1995;0.003606;6.01;;
LKA;1996;0.004032;6.72;;
LKA;1997;0.004176;6.96;;
LKA;1998;0.004248;7.08;;
LKA;1999;0.00378;7.56;;
LKA;2000;0.004165;8.33;;
LKA;2001;0.004025;8.05;;
LKA;2002;0.0041;8.2;;
LKA;2003;0.00434;8.68;;
LKA;2004;0.0044;8.8;;
LKA;2005;0.0045;9;;
LKA;2006;0.00454;9.08;;
LKA;2007;0.003704;9.26;;
LKA;2008;0.002733;9.11;;
LKA;2009;0.002715;9.05;;
LKA;2010;0.002922;9.74;;
LKA;2011;0.003138;10.46;;
LKA;2012;0;11.25;;
LKA;2013;0.05015;10.03;;
LKA;2014;0.056922;10.74;;
LKA;2015;0.050292;11.43;;
SYR;1990;0.065961;10.47;;
SYR;1991;0.09006;11.4;;
SYR;1992;0.074188;10.91;;
SYR;1993;0.073432;10.96;;
SYR;1994;0.088088;11.44;;
SYR;1995;0.14399;12.1;;
SYR;1996;0.141747;12.77;;
SYR;1997;0.127604;13.87;;
SYR;1998;0.149865;15.45;;
SYR;1999;0.12312;15.39;;
SYR;2000;0.112712;15.44;;
SYR;2001;0.140976;15.84;;
SYR;2002;0.153078;16.46;;
SYR;2003;0.233214;16.54;;
SYR;2004;0.297388;17.29;;
SYR;2005;0.413721;20.79;;
SYR;2006;0.486675;21.63;;
SYR;2007;0.466384;22.64;;
SYR;2008;0.48048;23.1;;
SYR;2009;0.464184;21.49;;
SYR;2010;0.591318;21.66;;
SYR;2011;0.52205;19.7;;
SYR;2012;0.4587;15.29;;
SYR;2013;0;11.64;;
SYR;2014;0;10.76;;
SYR;2015;0;9.98;;
TJK;1990;0.007434;5.31;;
TJK;1991;0.005577;5.07;;
TJK;1992;0.003726;4.14;;
TJK;1993;0.002916;3.24;;
TJK;1994;0.001494;2.49;;
TJK;1995;0.001338;2.23;;
TJK;1996;0.001075;2.15;;
TJK;1997;0.00107;2.14;;
TJK;1998;0.001125;2.25;;
TJK;1999;0.000896;2.24;;
TJK;2000;0.00086;2.15;;
TJK;2001;0.000848;2.12;;
TJK;2002;0.001278;2.13;;
TJK;2003;0.001302;2.17;;
TJK;2004;0.001638;2.34;;
TJK;2005;0.001638;2.34;;
TJK;2006;0.001687;2.41;;
TJK;2007;0.001806;2.58;;
TJK;2008;0.001715;2.45;;
TJK;2009;0.001704;2.13;;
TJK;2010;0.001744;2.18;;
TJK;2011;0.00218;2.18;;
TJK;2012;0.003824;2.39;;
TJK;2013;0.003632;2.27;;
TJK;2014;0;2.58;;
TJK;2015;1.37781;2.7;;
TGO;1990;0.56196;1.26;;
TGO;1991;0.602817;1.29;;
TGO;1992;0.620678;1.31;;
TGO;1993;0.647064;1.32;;
TGO;1994;0.587507;1.49;;
TGO;1995;0.54322;1.57;;
TGO;1996;0.638528;1.76;;
TGO;1997;0.720199;1.73;;
TGO;1998;0.526325;1.85;;
TGO;1999;0.705324;2.12;;
TGO;2000;0.942326;2.11;;
TGO;2001;1.029258;2.11;;
TGO;2002;1.005852;2.18;;
TGO;2003;0.68402;2.3;;
TGO;2004;0.804083;2.33;;
TGO;2005;0.585153;2.37;;
TGO;2006;0.917427;2.37;;
TGO;2007;0.820656;2.46;;
TGO;2008;0.942848;2.56;;
TGO;2009;1.58028;3.12;;
TGO;2010;1.343784;3.12;;
TGO;2011;1.264207;3.13;;
TGO;2012;1.481376;3.12;;
TGO;2013;1.790859;3.21;;
TGO;2014;1.939544;3.32;;
TGO;2015;0;3.43;;
TTO;1990;0.074276;5.99;;
TTO;1991;0.064855;5.95;;
TTO;1992;0.07848;6.54;;
TTO;1993;0.08451;6.26;;
TTO;1994;0.08379;6.3;;
TTO;1995;0.076875;6.15;;
TTO;1996;0.093056;7.27;;
TTO;1997;0.076146;6.86;;
TTO;1998;0.0796;7.96;;
TTO;1999;0.089184;9.29;;
TTO;2000;0.0984;9.84;;
TTO;2001;0.112098;10.99;;
TTO;2002;0.120796;11.96;;
TTO;2003;0.171136;13.37;;
TTO;2004;0.214812;14.04;;
TTO;2005;0.254696;16.12;;
TTO;2006;0.29667;17.98;;
TTO;2007;0.221908;19.13;;
TTO;2008;0.365829;18.57;;
TTO;2009;0.341614;18.77;;
TTO;2010;0.435519;20.07;;
TTO;2011;0.369138;19.74;;
TTO;2012;0.385;19.25;;
TTO;2013;0.45472;19.6;;
TTO;2014;0.457938;19.57;;
TTO;2015;0.4656;19.4;;
TUN;1990;0;4.95;;
TUN;1991;0.46648;4.9;;
TUN;1992;0.584785;5.45;;
TUN;1993;0.53636;5.3;;
TUN;1994;0.621132;5.73;;
TUN;1995;0.58232;5.8;;
TUN;1996;0.653739;6.07;;
TUN;1997;0.66043;6.26;;
TUN;1998;0.764522;6.82;;
TUN;1999;0.75999;7.05;;
TUN;2000;0.86258;7.31;;
TUN;2001;0.916719;7.71;;
TUN;2002;0.867691;7.81;;
TUN;2003;0.813439;8.03;;
TUN;2004;0.94752;8.46;;
TUN;2005;0.996369;8.31;;
TUN;2006;1.148875;8.75;;
TUN;2007;1.122768;9.04;;
TUN;2008;1.287195;9.43;;
TUN;2009;1.166068;9.16;;
TUN;2010;1.292196;10.28;;
TUN;2011;0.998658;9.81;;
TUN;2012;1.212416;10.24;;
TUN;2013;1.112856;10.42;;
TUN;2014;1.221027;10.59;;
TUN;2015;1.33346;10.93;;
TKM;1990;2.11992;17.52;;
TKM;1991;0;15.2;;
TKM;1992;7.512006;10.38;;
TKM;1993;7.68285;10.5;;
TKM;1994;9.56137;13.3;;
TKM;1995;9.532347;13.69;;
TKM;1996;7.940244;11.96;;
TKM;1997;7.542608;11.98;;
TKM;1998;7.569373;12.53;;
TKM;1999;8.534665;14.83;;
TKM;2000;8.233104;14.88;;
TKM;2001;8.418348;15.16;;
TKM;2002;8.500086;15.82;;
TKM;2003;9.188676;17.64;;
TKM;2004;8.787093;18.41;;
TKM;2005;8.914864;19.18;;
TKM;2006;8.197736;19.64;;
TKM;2007;8.815482;22.38;;
TKM;2008;8.847712;22.64;;
TKM;2009;7.309876;19.88;;
TKM;2010;7.912003;22.69;;
TKM;2011;8.04568;24.68;;
TKM;2012;7.404046;25.54;;
TKM;2013;8.15868;26.2;;
TKM;2014;8.749925;26.75;;
TKM;2015;8.802918;27.63;;
UZB;1990;14.217042;46.37;;
UZB;1991;13.260464;48.08;;
UZB;1992;0;45.27;;
UZB;1993;1.450372;47.09;;
UZB;1994;1.178727;46.59;;
UZB;1995;0.9918;42.75;;
UZB;1996;1.18456;44.2;;
UZB;1997;1.150976;44.96;;
UZB;1998;1.129322;49.97;;
UZB;1999;1.139082;51.31;;
UZB;2000;1.063183;50.87;;
UZB;2001;0.998205;51.19;;
UZB;2002;0.922263;53.31;;
UZB;2003;0.840102;51.54;;
UZB;2004;0.76708;50.8;;
UZB;2005;0.757988;47.08;;
UZB;2006;0.71669;48.1;;
UZB;2007;0.66878;47.77;;
UZB;2008;0.67203;49.78;;
UZB;2009;0.57473;44.21;;
UZB;2010;0.591977;43.21;;
UZB;2011;0.629755;47.35;;
UZB;2012;0.600284;48.41;;
UZB;2013;0.562776;42.96;;
UZB;2014;0.694512;43.68;;
UZB;2015;0.770698;42.58;;
VEN;1990;0.534465;39.59;;
VEN;1991;0.62025;41.35;;
VEN;1992;1.549375;46.25;;
VEN;1993;0;43.08;;
VEN;1994;43.444093;49.93;;
VEN;1995;41.251988;46.84;;
VEN;1996;42.330654;49.93;;
VEN;1997;44.19821;49.7;;
VEN;1998;47.138864;52.33;;
VEN;1999;45.045681;49.89;;
VEN;2000;46.799256;51.27;;
VEN;2001;47.929098;53.06;;
VEN;2002;52.29172;57.59;;
VEN;2003;49.321648;52.96;;
VEN;2004;52.510094;56.42;;
VEN;2005;52.06624;56.3;;
VEN;2006;57.45005;62.65;;
VEN;2007;52.76919;58.02;;
VEN;2008;58.826696;64.88;;
VEN;2009;58.719562;65.02;;
VEN;2010;66.11913;72.38;;
VEN;2011;62.836088;67.19;;
VEN;2012;67.65356;73.06;;
VEN;2013;64.077444;68.76;;
VEN;2014;62.775;67.5;;
VEN;2015;54.341361;59.37;;
YEM;1990;2.266781;2.51;;
YEM;1991;2.765016;3.06;;
YEM;1992;2.998652;3.34;;
YEM;1993;2.570655;2.89;;
YEM;1994;0;3.02;;
YEM;1995;1.877238;3.42;;
YEM;1996;1.803632;3.49;;
YEM;1997;1.889874;3.71;;
YEM;1998;2.10474;3.96;;
YEM;1999;2.435703;4.47;;
YEM;2000;2.584475;4.75;;
YEM;2001;2.901416;5.26;;
YEM;2002;2.87538;5.1;;
YEM;2003;3.172932;5.67;;
YEM;2004;3.348324;6.18;;
YEM;2005;3.86174;6.59;;
YEM;2006;4.1877;7.05;;
YEM;2007;4.28283;6.9;;
YEM;2008;4.895072;7.28;;
YEM;2009;5.642544;8.07;;
YEM;2010;5.22834;7.8;;
YEM;2011;4.517488;6.62;;
YEM;2012;4.181619;5.99;;
YEM;2013;6.25515;8.25;;
YEM;2014;5.718352;7.58;;
YEM;2015;2.605128;3.48;;
ZWE;1990;6.59742;9.3;;
ZWE;1991;6.90693;9.86;;
ZWE;1992;7.06492;10.18;;
ZWE;1993;6.85696;9.74;;
ZWE;1994;6.806713;9.67;;
ZWE;1995;0;9.84;;
ZWE;1996;1.25244;9.8;;
ZWE;1997;1.25324;9.7;;
ZWE;1998;1.30083;9.93;;
ZWE;1999;1.390467;10.59;;
ZWE;2000;1.319318;10.01;;
ZWE;2001;1.310374;9.98;;
ZWE;2002;1.277262;9.81;;
ZWE;2003;1.222214;9.38;;
ZWE;2004;1.199044;9.16;;
ZWE;2005;1.249638;9.62;;
ZWE;2006;1.273435;9.91;;
ZWE;2007;1.234236;9.78;;
ZWE;2008;1.151752;9.17;;
ZWE;2009;1.15753;9.35;;
ZWE;2010;1.16928;9.6;;
ZWE;2011;1.243968;10.23;;
ZWE;2012;1.282296;10.58;;
ZWE;2013;1.312128;10.88;;
ZWE;2014;1.350426;11.06;;
ZWE;2015;1.410878;11.26;;
